team1,team2,predicted P
1112.0,1116.0,0.0989901785847
1112.0,1124.0,0.215453180307
1112.0,1137.0,0.115587318933
1112.0,1139.0,0.123670073688
1112.0,1153.0,0.267523653708
1112.0,1166.0,0.201507960325
1112.0,1173.0,0.129157034074
1112.0,1181.0,0.649374255804
1112.0,1190.0,0.0249887146067
1112.0,1195.0,0.0488360984994
1112.0,1196.0,0.40142750271
1112.0,1199.0,0.0792597176832
1112.0,1211.0,0.584421303487
1112.0,1233.0,0.176902255645
1112.0,1235.0,0.23054866046
1112.0,1240.0,0.00928902609386
1112.0,1242.0,0.753130075489
1112.0,1243.0,0.112545555514
1112.0,1245.0,0.0582469887928
1112.0,1246.0,0.624256213662
1112.0,1257.0,0.595383007254
1112.0,1266.0,0.105385717257
1112.0,1268.0,0.135975215137
1112.0,1274.0,0.157925409006
1112.0,1276.0,0.171210023592
1112.0,1277.0,0.412398618758
1112.0,1278.0,0.0591294749055
1112.0,1291.0,0.0142260633448
1112.0,1292.0,0.134784334916
1112.0,1297.0,0.0113755141471
1112.0,1300.0,0.0865473373551
1112.0,1305.0,0.0205655234589
1112.0,1308.0,0.165130125939
1112.0,1309.0,0.00430128704175
1112.0,1314.0,0.386650183629
1112.0,1315.0,0.0155508616508
1112.0,1321.0,0.0339876925554
1112.0,1323.0,0.218757552932
1112.0,1329.0,0.0931822159891
1112.0,1332.0,0.143384613144
1112.0,1343.0,0.127053869155
1112.0,1344.0,0.0638616970268
1112.0,1345.0,0.174522987068
1112.0,1348.0,0.0317473582532
1112.0,1355.0,0.167924815238
1112.0,1371.0,0.0610601276449
1112.0,1374.0,0.133919970464
1112.0,1376.0,0.0265085443396
1112.0,1388.0,0.301675134217
1112.0,1407.0,0.00796201522882
1112.0,1411.0,0.0471188277148
1112.0,1413.0,0.0119095296396
1112.0,1417.0,0.13325632838
1112.0,1423.0,0.0150905212164
1112.0,1425.0,0.0248514331099
1112.0,1433.0,0.255436623564
1112.0,1435.0,0.122549428712
1112.0,1436.0,0.161777873511
1112.0,1437.0,0.293565521103
1112.0,1438.0,0.420097626806
1112.0,1439.0,0.0306225686252
1112.0,1448.0,0.0114269023919
1112.0,1452.0,0.131152613405
1112.0,1455.0,0.527778261796
1112.0,1457.0,0.0277119702631
1112.0,1458.0,0.460987660842
1112.0,1462.0,0.156878465735
1116.0,1124.0,0.717160987687
1116.0,1137.0,0.546834193962
1116.0,1139.0,0.565781419939
1116.0,1153.0,0.77128160723
1116.0,1166.0,0.69970405258
1116.0,1173.0,0.57794727796
1116.0,1181.0,0.944751195916
1116.0,1190.0,0.191353456283
1116.0,1195.0,0.321599348128
1116.0,1196.0,0.860957368062
1116.0,1199.0,0.44283532242
1116.0,1211.0,0.928490857854
1116.0,1233.0,0.664922242605
1116.0,1235.0,0.734498864084
1116.0,1240.0,0.0796725785812
1116.0,1242.0,0.96571502175
1116.0,1243.0,0.539364859563
1116.0,1245.0,0.363486018552
1116.0,1246.0,0.938799035506
1116.0,1257.0,0.931441697389
1116.0,1266.0,0.520992541351
1116.0,1268.0,0.592342165679
1116.0,1274.0,0.633912678326
1116.0,1276.0,0.656042919681
1116.0,1277.0,0.866310877789
1116.0,1278.0,0.367189972689
1116.0,1291.0,0.117578231037
1116.0,1292.0,0.58988313338
1116.0,1297.0,0.0960360092534
1116.0,1300.0,0.466611028273
1116.0,1305.0,0.162386947767
1116.0,1308.0,0.646169307926
1116.0,1309.0,0.0383555581984
1116.0,1314.0,0.853381163294
1116.0,1315.0,0.127284920699
1116.0,1321.0,0.245197336102
1116.0,1323.0,0.721087749166
1116.0,1329.0,0.486853144499
1116.0,1332.0,0.607144913082
1116.0,1343.0,0.573347569906
1116.0,1344.0,0.386450213211
1116.0,1345.0,0.661252359303
1116.0,1348.0,0.232383999856
1116.0,1355.0,0.650759340581
1116.0,1371.0,0.375168379446
1116.0,1374.0,0.588083955346
1116.0,1376.0,0.200906739526
1116.0,1388.0,0.799544738563
1116.0,1407.0,0.0689909177168
1116.0,1411.0,0.313451451935
1116.0,1413.0,0.10014177631
1116.0,1417.0,0.586694295129
1116.0,1423.0,0.123933395956
1116.0,1425.0,0.190480764704
1116.0,1433.0,0.760051422447
1116.0,1435.0,0.563229407192
1116.0,1436.0,0.6405440389
1116.0,1437.0,0.793254493248
1116.0,1438.0,0.869938200635
1116.0,1439.0,0.225808551087
1116.0,1448.0,0.0964325416258
1116.0,1452.0,0.582240878122
1116.0,1455.0,0.911655052239
1116.0,1457.0,0.208333091707
1116.0,1458.0,0.88759607474
1116.0,1462.0,0.632078822531
1124.0,1137.0,0.331335863958
1124.0,1139.0,0.348559497319
1124.0,1153.0,0.58067017642
1124.0,1166.0,0.488964813003
1124.0,1173.0,0.359926195574
1124.0,1181.0,0.875341708984
1124.0,1190.0,0.0885655643923
1124.0,1195.0,0.162946176087
1124.0,1196.0,0.717729615695
1124.0,1199.0,0.246066975553
1124.0,1211.0,0.842068281876
1124.0,1233.0,0.448995672843
1124.0,1235.0,0.531839963825
1124.0,1240.0,0.0343287277239
1124.0,1242.0,0.920424196387
1124.0,1243.0,0.324700973702
1124.0,1245.0,0.189955022726
1124.0,1246.0,0.862996195439
1124.0,1257.0,0.848001555243
1124.0,1266.0,0.308739824282
1124.0,1268.0,0.373698951798
1124.0,1274.0,0.415567174282
1124.0,1276.0,0.439220166109
1124.0,1277.0,0.726848167353
1124.0,1278.0,0.192425256456
1124.0,1291.0,0.0518772743603
1124.0,1292.0,0.371320825544
1124.0,1297.0,0.0418022820726
1124.0,1300.0,0.264289453994
1124.0,1305.0,0.073739896886
1124.0,1308.0,0.428544049151
1124.0,1309.0,0.0161146238478
1124.0,1314.0,0.70502301792
1124.0,1315.0,0.0565073428728
1124.0,1321.0,0.117696180167
1124.0,1323.0,0.514952219112
1124.0,1329.0,0.280368100354
1124.0,1332.0,0.388241456777
1124.0,1343.0,0.355599692503
1124.0,1344.0,0.205495376807
1124.0,1345.0,0.444935064873
1124.0,1348.0,0.110569672467
1124.0,1355.0,0.433482079682
1124.0,1371.0,0.197793234806
1124.0,1374.0,0.369587526258
1124.0,1376.0,0.0935810472197
1124.0,1388.0,0.620910471023
1124.0,1407.0,0.0295312245676
1124.0,1411.0,0.157882382425
1124.0,1413.0,0.0437015208445
1124.0,1417.0,0.368252595728
1124.0,1423.0,0.054902213728
1124.0,1425.0,0.0881105717462
1124.0,1433.0,0.565355074832
1124.0,1435.0,0.346206082062
1124.0,1436.0,0.42255082508
1124.0,1437.0,0.611736783016
1124.0,1438.0,0.73309363996
1124.0,1439.0,0.10696075147
1124.0,1448.0,0.041985284198
1124.0,1452.0,0.363996998291
1124.0,1455.0,0.809069567697
1124.0,1457.0,0.097524366384
1124.0,1458.0,0.764296475688
1124.0,1462.0,0.413651250641
1137.0,1139.0,0.522082208371
1137.0,1153.0,0.738712716233
1137.0,1166.0,0.661417067101
1137.0,1173.0,0.534465000647
1137.0,1181.0,0.934795632085
1137.0,1190.0,0.165548131827
1137.0,1195.0,0.284407057204
1137.0,1196.0,0.838483954633
1137.0,1199.0,0.399886914102
1137.0,1211.0,0.915866191744
1137.0,1233.0,0.624580005077
1137.0,1235.0,0.698738074651
1137.0,1240.0,0.0676678805255
1137.0,1242.0,0.959374596339
1137.0,1243.0,0.495378267003
1137.0,1245.0,0.323761433695
1137.0,1246.0,0.927852828235
1137.0,1257.0,0.919292707332
1137.0,1266.0,0.476952872037
1137.0,1268.0,0.549186119411
1137.0,1274.0,0.592127143641
1137.0,1276.0,0.615250229827
1137.0,1277.0,0.844546515269
1137.0,1278.0,0.327268720438
1137.0,1291.0,0.100485686427
1137.0,1292.0,0.546665996042
1137.0,1297.0,0.0817848470911
1137.0,1300.0,0.423107810661
1137.0,1305.0,0.139812562314
1137.0,1308.0,0.604910833146
1137.0,1309.0,0.0323574403994
1137.0,1314.0,0.829925107926
1137.0,1315.0,0.108955528763
1137.0,1321.0,0.214052876625
1137.0,1323.0,0.684297008025
1137.0,1329.0,0.443030222591
1137.0,1332.0,0.564403545012
1137.0,1343.0,0.529776964051
1137.0,1344.0,0.345578501051
1137.0,1345.0,0.620720311952
1137.0,1348.0,0.202430578254
1137.0,1355.0,0.609712812695
1137.0,1371.0,0.334838684943
1137.0,1374.0,0.544823522226
1137.0,1376.0,0.174090448132
1137.0,1388.0,0.769799240631
1137.0,1407.0,0.0584933903171
1137.0,1411.0,0.276816954031
1137.0,1413.0,0.0853388615027
1137.0,1417.0,0.543401231167
1137.0,1423.0,0.106027997519
1137.0,1425.0,0.164769148587
1137.0,1433.0,0.726450550908
1137.0,1435.0,0.519491486761
1137.0,1436.0,0.599036652219
1137.0,1437.0,0.762852439385
1137.0,1438.0,0.848661199824
1137.0,1439.0,0.196485733559
1137.0,1448.0,0.0821278825269
1137.0,1452.0,0.538847993954
1137.0,1455.0,0.896389767355
1137.0,1457.0,0.180749770797
1137.0,1458.0,0.868772001718
1137.0,1462.0,0.590219279482
1139.0,1153.0,0.727312977499
1139.0,1166.0,0.648250777719
1139.0,1173.0,0.519945052209
1139.0,1181.0,0.931153520345
1139.0,1190.0,0.157656471556
1139.0,1195.0,0.272701066564
1139.0,1196.0,0.830437989099
1139.0,1199.0,0.385991665804
1139.0,1211.0,0.911267105771
1139.0,1233.0,0.610824109911
1139.0,1235.0,0.686334822616
1139.0,1240.0,0.0640838278933
1139.0,1242.0,0.957042297969
1139.0,1243.0,0.480823445814
1139.0,1245.0,0.311139933541
1139.0,1246.0,0.923854502449
1139.0,1257.0,0.914863516674
1139.0,1266.0,0.462443300082
1139.0,1268.0,0.534725611337
1139.0,1274.0,0.577985590726
1139.0,1276.0,0.601370663569
1139.0,1277.0,0.836743755628
1139.0,1278.0,0.314574095761
1139.0,1291.0,0.095341178042
1139.0,1292.0,0.532193509418
1139.0,1297.0,0.0775152499934
1139.0,1300.0,0.408955542643
1139.0,1305.0,0.132952247191
1139.0,1308.0,0.590906287611
1139.0,1309.0,0.0305822703114
1139.0,1314.0,0.821543524579
1139.0,1315.0,0.103427253502
1139.0,1321.0,0.20441542354
1139.0,1323.0,0.671578655182
1139.0,1329.0,0.428706784557
1139.0,1332.0,0.550031222095
1139.0,1343.0,0.515243416381
1139.0,1344.0,0.332524706761
1139.0,1345.0,0.606911999787
1139.0,1348.0,0.193187780804
1139.0,1355.0,0.595764734502
1139.0,1371.0,0.321990967992
1139.0,1374.0,0.530342749617
1139.0,1376.0,0.165872522168
1139.0,1388.0,0.759313879866
1139.0,1407.0,0.0553664108368
1139.0,1411.0,0.265307542472
1139.0,1413.0,0.0809000732363
1139.0,1417.0,0.52891433456
1139.0,1423.0,0.100631486209
1139.0,1425.0,0.156907639792
1139.0,1433.0,0.714722427112
1139.0,1435.0,0.504937108351
1139.0,1436.0,0.584966747963
1139.0,1437.0,0.752152535594
1139.0,1438.0,0.841026094289
1139.0,1439.0,0.187450577428
1139.0,1448.0,0.0778418953595
1139.0,1452.0,0.524343087369
1139.0,1455.0,0.890852902348
1139.0,1457.0,0.172283065389
1139.0,1458.0,0.861986495493
1139.0,1462.0,0.576058937949
1153.0,1166.0,0.41903621391
1153.0,1173.0,0.297701409629
1153.0,1181.0,0.841102588155
1153.0,1190.0,0.0682517423985
1153.0,1195.0,0.127967362801
1153.0,1196.0,0.657155647446
1153.0,1199.0,0.197454092959
1153.0,1211.0,0.800770213699
1153.0,1233.0,0.380526860583
1153.0,1235.0,0.461314787483
1153.0,1240.0,0.0260987092864
1153.0,1242.0,0.897112158388
1153.0,1243.0,0.266034880055
1153.0,1245.0,0.150218850131
1153.0,1246.0,0.826040088212
1153.0,1257.0,0.807901055375
1153.0,1266.0,0.251881903869
1153.0,1268.0,0.3102472171
1153.0,1274.0,0.348967507155
1153.0,1276.0,0.37123769832
1153.0,1277.0,0.667323999936
1153.0,1278.0,0.152269477697
1153.0,1291.0,0.0396127218416
1153.0,1292.0,0.308074259083
1153.0,1297.0,0.0318396186884
1153.0,1300.0,0.213094069285
1153.0,1305.0,0.0566153338887
1153.0,1308.0,0.36114983064
1153.0,1309.0,0.0121961310395
1153.0,1314.0,0.643078277885
1153.0,1315.0,0.043198046438
1153.0,1321.0,0.0913706399148
1153.0,1323.0,0.444540027716
1153.0,1329.0,0.22701920101
1153.0,1332.0,0.323596292088
1153.0,1343.0,0.293779577639
1153.0,1344.0,0.163163160674
1153.0,1345.0,0.376662177268
1153.0,1348.0,0.0856833449336
1153.0,1355.0,0.365808399838
1153.0,1371.0,0.156734662812
1153.0,1374.0,0.30649226018
1153.0,1376.0,0.072207988026
1153.0,1388.0,0.552513460771
1153.0,1407.0,0.0224246575891
1153.0,1411.0,0.123829779192
1153.0,1413.0,0.0333019467466
1153.0,1417.0,0.305274868257
1153.0,1423.0,0.0419541657011
1153.0,1425.0,0.0678933352542
1153.0,1433.0,0.495085505535
1153.0,1435.0,0.285296018405
1153.0,1436.0,0.355512765985
1153.0,1437.0,0.542903095903
1153.0,1438.0,0.6743206421
1153.0,1439.0,0.082811069906
1153.0,1448.0,0.0319804619076
1153.0,1452.0,0.301399836268
1153.0,1455.0,0.761585667368
1153.0,1457.0,0.0753255324704
1153.0,1458.0,0.709673292602
1153.0,1462.0,0.347176233636
1166.0,1173.0,0.370772143184
1166.0,1181.0,0.880357164966
1166.0,1190.0,0.0924150110324
1166.0,1195.0,0.169427560707
1166.0,1196.0,0.727109456307
1166.0,1199.0,0.254847982447
1166.0,1211.0,0.848190277308
1166.0,1233.0,0.4605942269
1166.0,1235.0,0.543467789126
1166.0,1240.0,0.0359136929119
1166.0,1242.0,0.923783750984
1166.0,1243.0,0.335041068486
1166.0,1245.0,0.197257548809
1166.0,1246.0,0.86843370016
1166.0,1257.0,0.853933451159
1166.0,1266.0,0.318811598979
1166.0,1268.0,0.384710477693
1166.0,1274.0,0.426971344237
1166.0,1276.0,0.450772784463
1166.0,1277.0,0.736036438122
1166.0,1278.0,0.199799323694
1166.0,1291.0,0.0542269622805
1166.0,1292.0,0.3823050516
1166.0,1297.0,0.0437166820317
1166.0,1300.0,0.273484853696
1166.0,1305.0,0.0769993941229
1166.0,1308.0,0.440036205392
1166.0,1309.0,0.0168733337525
1166.0,1314.0,0.714657231546
1166.0,1315.0,0.0590536796313
1166.0,1321.0,0.122641400094
1166.0,1323.0,0.526626154837
1166.0,1329.0,0.289902485614
1166.0,1332.0,0.399408222256
1166.0,1343.0,0.366389894554
1166.0,1344.0,0.213238060242
1166.0,1345.0,0.45651563115
1166.0,1348.0,0.115254573861
1166.0,1355.0,0.445003538391
1166.0,1371.0,0.205320711724
1166.0,1374.0,0.380551515608
1166.0,1376.0,0.097625138913
1166.0,1388.0,0.631857372187
1166.0,1407.0,0.0309017760665
1166.0,1411.0,0.164201859995
1166.0,1413.0,0.0456987511546
1166.0,1417.0,0.379200804424
1166.0,1423.0,0.0573806190113
1166.0,1425.0,0.0919422373455
1166.0,1433.0,0.57681283911
1166.0,1435.0,0.356869100841
1166.0,1436.0,0.434004323828
1166.0,1437.0,0.622787656223
1166.0,1438.0,0.742146354636
1166.0,1439.0,0.111511912061
1166.0,1448.0,0.0439076809836
1166.0,1452.0,0.374893767096
1166.0,1455.0,0.816191495593
1166.0,1457.0,0.101719744383
1166.0,1458.0,0.772619130549
1166.0,1462.0,0.425041081167
1173.0,1181.0,0.926671491508
1173.0,1190.0,0.148848023042
1173.0,1195.0,0.259444689691
1173.0,1196.0,0.820662016022
1173.0,1199.0,0.37002999669
1173.0,1211.0,0.905621655942
1173.0,1233.0,0.594568075142
1173.0,1235.0,0.671536815251
1173.0,1240.0,0.0601301921949
1173.0,1242.0,0.954162708438
1173.0,1243.0,0.463903091833
1173.0,1245.0,0.296777466722
1173.0,1246.0,0.918938661105
1173.0,1257.0,0.909424138053
1173.0,1266.0,0.445614591569
1173.0,1268.0,0.517800228884
1173.0,1274.0,0.56134293436
1173.0,1276.0,0.584988043775
1173.0,1277.0,0.827255711809
1173.0,1278.0,0.300122170782
1173.0,1291.0,0.0896438351671
1173.0,1292.0,0.515259516624
1173.0,1297.0,0.0727974199808
1173.0,1300.0,0.392651528365
1173.0,1305.0,0.125318706478
1173.0,1308.0,0.574397970338
1173.0,1309.0,0.0286322735141
1173.0,1314.0,0.811371227853
1173.0,1315.0,0.0972986774987
1173.0,1321.0,0.193594921263
1173.0,1323.0,0.656432972001
1173.0,1329.0,0.412164453565
1173.0,1332.0,0.533176541783
1173.0,1343.0,0.498274296929
1173.0,1344.0,0.317630266741
1173.0,1345.0,0.590602078573
1173.0,1348.0,0.18282502613
1173.0,1355.0,0.579312893674
1173.0,1371.0,0.30735109369
1173.0,1374.0,0.513403016909
1173.0,1376.0,0.156690422845
1173.0,1388.0,0.74668812376
1173.0,1407.0,0.0519207580327
1173.0,1411.0,0.25228590288
1173.0,1413.0,0.0759932028524
1173.0,1417.0,0.511970491305
1173.0,1423.0,0.0946510842098
1173.0,1425.0,0.148133671766
1173.0,1433.0,0.700679610748
1173.0,1435.0,0.487965741826
1173.0,1436.0,0.568393816153
1173.0,1437.0,0.739280103659
1173.0,1438.0,0.831736881537
1173.0,1439.0,0.177327931641
1173.0,1448.0,0.0731057601689
1173.0,1452.0,0.507387959272
1173.0,1455.0,0.88407386774
1173.0,1457.0,0.162815368551
1173.0,1458.0,0.853709007617
1173.0,1462.0,0.559398221598
1181.0,1190.0,0.0150186169304
1181.0,1195.0,0.0296405252742
1181.0,1196.0,0.285196728974
1181.0,1199.0,0.0487183040086
1181.0,1211.0,0.45552850216
1181.0,1233.0,0.113368583065
1181.0,1235.0,0.151289462854
1181.0,1240.0,0.00554721528611
1181.0,1242.0,0.644756426991
1181.0,1243.0,0.0701552786509
1181.0,1245.0,0.0354903814796
1181.0,1246.0,0.49708652029
1181.0,1257.0,0.466788110531
1181.0,1266.0,0.0654931756308
1181.0,1268.0,0.0856114723659
1181.0,1274.0,0.100376049666
1181.0,1276.0,0.109448851532
1181.0,1277.0,0.294554424946
1181.0,1278.0,0.0360412825809
1181.0,1291.0,0.00851260044799
1181.0,1292.0,0.0848183810242
1181.0,1297.0,0.00679899102468
1181.0,1300.0,0.0533605047162
1181.0,1305.0,0.0123378766343
1181.0,1308.0,0.105283564681
1181.0,1309.0,0.00256344146914
1181.0,1314.0,0.27274844502
1181.0,1315.0,0.00931035926743
1181.0,1321.0,0.0205026468802
1181.0,1323.0,0.142799668388
1181.0,1329.0,0.0576116805323
1181.0,1332.0,0.0905641644473
1181.0,1343.0,0.0796897312479
1181.0,1344.0,0.0390023184028
1181.0,1345.0,0.111727827485
1181.0,1348.0,0.0191335876045
1181.0,1355.0,0.107195449065
1181.0,1371.0,0.0372479207643
1181.0,1374.0,0.0842432463361
1181.0,1376.0,0.0159419736701
1181.0,1388.0,0.204461242012
1181.0,1407.0,0.00475218761044
1181.0,1411.0,0.0285779666025
1181.0,1413.0,0.00711971207644
1181.0,1417.0,0.0838019581025
1181.0,1423.0,0.00903305665833
1181.0,1425.0,0.014935269539
1181.0,1433.0,0.169506182122
1181.0,1435.0,0.0767169186518
1181.0,1436.0,0.102996354529
1181.0,1437.0,0.198223128802
1181.0,1438.0,0.301181057739
1181.0,1439.0,0.0184471818922
1181.0,1448.0,0.00682984791019
1181.0,1452.0,0.0824047506956
1181.0,1455.0,0.399372622826
1181.0,1457.0,0.016673918234
1181.0,1458.0,0.337227363361
1181.0,1462.0,0.0996654664159
1190.0,1195.0,0.667419993222
1190.0,1196.0,0.963252132578
1190.0,1199.0,0.770883689683
1190.0,1211.0,0.982131851191
1190.0,1233.0,0.89362143108
1190.0,1235.0,0.921328807305
1190.0,1240.0,0.268188391952
1190.0,1242.0,0.991683249028
1190.0,1243.0,0.832124102298
1190.0,1245.0,0.707382460899
1190.0,1246.0,0.984833881609
1190.0,1257.0,0.982909926495
1190.0,1266.0,0.821565512079
1190.0,1268.0,0.860160886196
1190.0,1274.0,0.879955616087
1190.0,1276.0,0.889798049962
1190.0,1277.0,0.964827924442
1190.0,1278.0,0.710678103654
1190.0,1291.0,0.360638113916
1190.0,1292.0,0.858932626435
1190.0,1297.0,0.310218989762
1190.0,1300.0,0.787381878375
1190.0,1305.0,0.450759225929
1190.0,1308.0,0.885463088829
1190.0,1309.0,0.144454496837
1190.0,1314.0,0.960997296482
1190.0,1315.0,0.381730287549
1190.0,1321.0,0.578977563749
1190.0,1323.0,0.916279242321
1190.0,1329.0,0.800651473964
1190.0,1332.0,0.867415427872
1190.0,1343.0,0.850495549333
1190.0,1344.0,0.727249516887
1190.0,1345.0,0.8920496842
1190.0,1348.0,0.561701939881
1190.0,1355.0,0.887489411063
1190.0,1371.0,0.717655832942
1190.0,1374.0,0.85802969229
1190.0,1376.0,0.515578396731
1190.0,1388.0,0.944087031414
1190.0,1407.0,0.238790219694
1190.0,1411.0,0.659021819071
1190.0,1413.0,0.32023769429
1190.0,1417.0,0.85732979632
1190.0,1423.0,0.374554418635
1190.0,1425.0,0.499020322941
1190.0,1433.0,0.930599314426
1190.0,1435.0,0.845175165532
1190.0,1436.0,0.882953041703
1190.0,1437.0,0.942003487569
1190.0,1438.0,0.965887486198
1190.0,1439.0,0.552515338267
1190.0,1448.0,0.311195436046
1190.0,1452.0,0.85507215308
1190.0,1455.0,0.977620654937
1190.0,1457.0,0.526965828046
1190.0,1458.0,0.970953723651
1190.0,1462.0,0.879119245237
1195.0,1196.0,0.929384010209
1195.0,1199.0,0.628161605845
1195.0,1211.0,0.965032281364
1195.0,1233.0,0.808347545825
1195.0,1235.0,0.854652849599
1195.0,1240.0,0.155407571291
1195.0,1242.0,0.983571334913
1195.0,1243.0,0.713365697965
1195.0,1245.0,0.548282940647
1195.0,1246.0,0.970241768351
1195.0,1257.0,0.966529588181
1195.0,1266.0,0.698048161025
1195.0,1268.0,0.755406299366
1195.0,1274.0,0.786346221889
1195.0,1276.0,0.802137920018
1195.0,1277.0,0.932310050253
1195.0,1278.0,0.552236226562
1195.0,1291.0,0.220704566194
1195.0,1292.0,0.753521594151
1195.0,1297.0,0.184212293201
1195.0,1300.0,0.650274511163
1195.0,1305.0,0.291817509117
1195.0,1308.0,0.795148577515
1195.0,1309.0,0.078150586866
1195.0,1314.0,0.925212386176
1195.0,1315.0,0.236641745808
1195.0,1321.0,0.40844630586
1195.0,1323.0,0.846038803586
1195.0,1329.0,0.668498421706
1195.0,1332.0,0.766620802649
1195.0,1343.0,0.740683372666
1195.0,1344.0,0.572422707218
1195.0,1345.0,0.805789693232
1195.0,1348.0,0.391527152284
1195.0,1355.0,0.798408927568
1195.0,1371.0,0.56067297641
1195.0,1374.0,0.752138652163
1195.0,1376.0,0.348273743573
1195.0,1388.0,0.894490417581
1195.0,1407.0,0.136073424962
1195.0,1411.0,0.492492704158
1195.0,1413.0,0.191290080226
1195.0,1417.0,0.751068177925
1195.0,1423.0,0.231173499688
1195.0,1425.0,0.333390863246
1195.0,1433.0,0.870677511612
1195.0,1435.0,0.73268339404
1195.0,1436.0,0.791126193322
1195.0,1437.0,0.890772529588
1195.0,1438.0,0.934282491789
1195.0,1439.0,0.382693639476
1195.0,1448.0,0.184898435665
1195.0,1452.0,0.747624020969
1195.0,1455.0,0.956395604677
1195.0,1457.0,0.358702176298
1195.0,1458.0,0.943769302171
1195.0,1462.0,0.785016995698
1196.0,1199.0,0.118213339908
1196.0,1211.0,0.686528420377
1196.0,1233.0,0.250773947198
1196.0,1235.0,0.318162960484
1196.0,1240.0,0.0143917996202
1196.0,1242.0,0.826118639964
1196.0,1243.0,0.164927808463
1196.0,1245.0,0.087858957296
1196.0,1246.0,0.721244307078
1196.0,1257.0,0.696196909498
1196.0,1266.0,0.155017650885
1196.0,1268.0,0.196843587456
1196.0,1274.0,0.226048963359
1196.0,1276.0,0.243407652384
1196.0,1277.0,0.52221795812
1196.0,1278.0,0.0891476179868
1196.0,1291.0,0.021980744505
1196.0,1292.0,0.195240077854
1196.0,1297.0,0.0176040989138
1196.0,1300.0,0.128582413115
1196.0,1305.0,0.0316648661484
1196.0,1308.0,0.235492408121
1196.0,1309.0,0.00668260982519
1196.0,1314.0,0.495393559792
1196.0,1315.0,0.0240101062141
1196.0,1321.0,0.0519468585795
1196.0,1323.0,0.303659302081
1196.0,1329.0,0.137953106041
1196.0,1332.0,0.206775992455
1196.0,1343.0,0.184782740108
1196.0,1344.0,0.0960370191314
1196.0,1345.0,0.247700126583
1196.0,1348.0,0.0485822620692
1196.0,1355.0,0.239136825638
1196.0,1371.0,0.0919626014027
1196.0,1374.0,0.194074978222
1196.0,1376.0,0.0406821455779
1196.0,1388.0,0.402190831298
1196.0,1407.0,0.0123449006458
1196.0,1411.0,0.0715029325037
1196.0,1413.0,0.0184250615137
1196.0,1417.0,0.193179728403
1196.0,1423.0,0.0233052812643
1196.0,1425.0,0.0381737532302
1196.0,1433.0,0.348228570439
1196.0,1435.0,0.178650492296
1196.0,1436.0,0.23110716165
1196.0,1437.0,0.392899423001
1196.0,1438.0,0.530117533143
1196.0,1439.0,0.0468899065316
1196.0,1448.0,0.0176831211597
1196.0,1452.0,0.19033774852
1196.0,1455.0,0.635113265559
1196.0,1457.0,0.0425009280276
1196.0,1458.0,0.571168844528
1196.0,1462.0,0.224670898803
1199.0,1211.0,0.943138941383
1199.0,1233.0,0.717110817369
1199.0,1235.0,0.779445336184
1199.0,1240.0,0.0995767367878
1199.0,1242.0,0.972960089771
1199.0,1243.0,0.599325058514
1199.0,1245.0,0.421797723848
1199.0,1246.0,0.951445990397
1199.0,1257.0,0.945520791195
1199.0,1266.0,0.581488594178
1199.0,1268.0,0.649882764177
1199.0,1274.0,0.68866961902
1199.0,1276.0,0.709009228013
1199.0,1277.0,0.892217474192
1199.0,1278.0,0.425698479405
1199.0,1291.0,0.145455476066
1199.0,1292.0,0.647564308187
1199.0,1297.0,0.119497359468
1199.0,1300.0,0.527749634845
1199.0,1305.0,0.198498303996
1199.0,1308.0,0.699960691675
1199.0,1309.0,0.0484814619801
1199.0,1314.0,0.881450440626
1199.0,1315.0,0.157053969705
1199.0,1321.0,0.293276148465
1199.0,1323.0,0.767586180347
1199.0,1329.0,0.547919498422
1199.0,1332.0,0.663782072359
1199.0,1343.0,0.63190315282
1199.0,1344.0,0.445865349042
1199.0,1345.0,0.713766465992
1199.0,1348.0,0.278878632617
1199.0,1355.0,0.704172387613
1199.0,1371.0,0.434076134358
1199.0,1374.0,0.645866261366
1199.0,1376.0,0.243097990165
1199.0,1388.0,0.835939236521
1199.0,1407.0,0.0864772815037
1199.0,1411.0,0.368381893732
1199.0,1413.0,0.124468046511
1199.0,1417.0,0.644553715551
1199.0,1423.0,0.153056069708
1199.0,1425.0,0.231115769436
1199.0,1433.0,0.801839174871
1199.0,1435.0,0.622258752578
1199.0,1436.0,0.694786667742
1199.0,1437.0,0.830549003108
1199.0,1438.0,0.895226897057
1199.0,1439.0,0.271452824466
1199.0,1448.0,0.119977906442
1199.0,1452.0,0.640341554818
1199.0,1455.0,0.929489923012
1199.0,1457.0,0.251592881378
1199.0,1458.0,0.909807401746
1199.0,1462.0,0.686974612222
1211.0,1233.0,0.135515978623
1211.0,1235.0,0.179346479579
1211.0,1240.0,0.00679226899313
1211.0,1242.0,0.689933991232
1211.0,1243.0,0.0846667867445
1211.0,1245.0,0.0431643670984
1211.0,1246.0,0.547874817949
1211.0,1257.0,0.517667223794
1211.0,1266.0,0.0791223935111
1211.0,1268.0,0.102966041023
1211.0,1274.0,0.120329728977
1211.0,1276.0,0.130943589223
1211.0,1277.0,0.338581027475
1211.0,1278.0,0.0438289749908
1211.0,1291.0,0.0104162533992
1211.0,1292.0,0.102030118845
1211.0,1297.0,0.00832265021313
1211.0,1300.0,0.0646395388195
1211.0,1305.0,0.0150839529979
1211.0,1308.0,0.126076087035
1211.0,1309.0,0.00314091243185
1211.0,1314.0,0.314970972887
1211.0,1315.0,0.0113903636615
1211.0,1321.0,0.0250199437964
1211.0,1323.0,0.16959685242
1211.0,1329.0,0.0697231194968
1211.0,1332.0,0.108803245534
1211.0,1343.0,0.0959698751023
1211.0,1344.0,0.0473983626818
1211.0,1345.0,0.133602989215
1211.0,1348.0,0.0233564358524
1211.0,1355.0,0.128311402056
1211.0,1371.0,0.0452840917233
1211.0,1374.0,0.10135120003
1211.0,1376.0,0.0194744071678
1211.0,1388.0,0.239595334537
1211.0,1407.0,0.00581984433826
1211.0,1411.0,0.0348112453825
1211.0,1413.0,0.00871461446208
1211.0,1417.0,0.100830163085
1211.0,1423.0,0.0110518006707
1211.0,1425.0,0.018248773473
1211.0,1433.0,0.200144848769
1211.0,1435.0,0.0924507441534
1211.0,1436.0,0.123399473129
1211.0,1437.0,0.232598692982
1211.0,1438.0,0.345712739016
1211.0,1439.0,0.0225220165137
1211.0,1448.0,0.00836036394261
1211.0,1452.0,0.0991797823292
1211.0,1455.0,0.449092489652
1211.0,1457.0,0.0203651800814
1211.0,1458.0,0.384158867418
1211.0,1462.0,0.119496652431
1233.0,1235.0,0.578413497367
1233.0,1240.0,0.0411658402682
1233.0,1242.0,0.93319624158
1233.0,1243.0,0.367369278778
1233.0,1245.0,0.22070359648
1233.0,1246.0,0.883822102117
1233.0,1257.0,0.870765460578
1233.0,1266.0,0.350399016908
1233.0,1268.0,0.418812758492
1233.0,1274.0,0.462006882049
1233.0,1276.0,0.486104585
1233.0,1277.0,0.762678605155
1233.0,1278.0,0.223463385523
1233.0,1291.0,0.0619851153854
1233.0,1292.0,0.416338386517
1233.0,1297.0,0.0500507241724
1233.0,1300.0,0.302576171848
1233.0,1305.0,0.0877134015372
1233.0,1308.0,0.475254663488
1233.0,1309.0,0.0193969741191
1233.0,1314.0,0.742702913269
1233.0,1315.0,0.0674531319886
1233.0,1321.0,0.138751524917
1233.0,1323.0,0.56182162
1233.0,1329.0,0.319971049137
1233.0,1332.0,0.433894604289
1233.0,1343.0,0.399923733691
1233.0,1344.0,0.238020350288
1233.0,1345.0,0.491894419623
1233.0,1348.0,0.130538739836
1233.0,1355.0,0.480278571289
1233.0,1371.0,0.229451207498
1233.0,1374.0,0.414533508098
1233.0,1376.0,0.110864377678
1233.0,1388.0,0.664217515394
1233.0,1407.0,0.0354479125078
1233.0,1411.0,0.184622536043
1233.0,1413.0,0.0523042648557
1233.0,1417.0,0.413142626692
1233.0,1423.0,0.0655586848125
1233.0,1425.0,0.104500049247
1233.0,1433.0,0.61103292529
1233.0,1435.0,0.390068001607
1233.0,1436.0,0.469144483506
1233.0,1437.0,0.655510382057
1233.0,1438.0,0.768365912778
1233.0,1439.0,0.126370646464
1233.0,1448.0,0.0502679419797
1233.0,1452.0,0.408703877627
1233.0,1455.0,0.836540183539
1233.0,1457.0,0.115443226235
1233.0,1458.0,0.796589373426
1233.0,1462.0,0.460045389528
1235.0,1240.0,0.0308256751025
1235.0,1242.0,0.911884827486
1235.0,1243.0,0.300796782055
1235.0,1245.0,0.173423188111
1235.0,1246.0,0.84930314796
1235.0,1257.0,0.833099681976
1235.0,1266.0,0.285513873266
1235.0,1268.0,0.348046704547
1235.0,1274.0,0.388825183247
1235.0,1276.0,0.412029170823
1235.0,1277.0,0.704211525484
1235.0,1278.0,0.17572507401
1235.0,1291.0,0.04667003614
1235.0,1292.0,0.345741705678
1235.0,1297.0,0.0375662632395
1235.0,1300.0,0.243230813682
1235.0,1305.0,0.0664920737254
1235.0,1308.0,0.401540731917
1235.0,1309.0,0.0144424199643
1235.0,1314.0,0.681370561724
1235.0,1315.0,0.0508602870115
1235.0,1321.0,0.106625276252
1235.0,1323.0,0.487145607821
1235.0,1329.0,0.258478418626
1235.0,1332.0,0.3621682096
1235.0,1343.0,0.330534165053
1235.0,1344.0,0.187924827404
1235.0,1345.0,0.417653771674
1235.0,1348.0,0.100093064947
1235.0,1355.0,0.406388884511
1235.0,1371.0,0.18073143759
1235.0,1374.0,0.344062462051
1235.0,1376.0,0.0845610932809
1235.0,1388.0,0.594393694118
1235.0,1407.0,0.0265042933712
1235.0,1411.0,0.143646853049
1235.0,1413.0,0.0392809331171
1235.0,1417.0,0.342769598083
1235.0,1423.0,0.0494071663063
1235.0,1425.0,0.0795716098056
1235.0,1433.0,0.537844714972
1235.0,1435.0,0.321472371049
1235.0,1436.0,0.395663679235
1235.0,1437.0,0.58500719831
1235.0,1438.0,0.710768616754
1235.0,1439.0,0.0967888821298
1235.0,1448.0,0.0377314511466
1235.0,1452.0,0.338650626477
1235.0,1455.0,0.791290224667
1235.0,1457.0,0.0881612976483
1235.0,1458.0,0.743668795581
1235.0,1462.0,0.386950920003
1240.0,1242.0,0.9969659804
1240.0,1243.0,0.931785965832
1240.0,1245.0,0.869483679058
1240.0,1246.0,0.994442894621
1240.0,1257.0,0.993730166525
1240.0,1266.0,0.926945320786
1240.0,1268.0,0.944292600884
1240.0,1274.0,0.952831247164
1240.0,1276.0,0.956990653015
1240.0,1277.0,0.986944361214
1240.0,1278.0,0.871285834786
1240.0,1291.0,0.608521250628
1240.0,1292.0,0.943754981893
1240.0,1297.0,0.553445176758
1240.0,1300.0,0.910756898688
1240.0,1305.0,0.693406287509
1240.0,1308.0,0.955165635636
1240.0,1309.0,0.31754468628
1240.0,1314.0,0.985486223662
1240.0,1315.0,0.629829570833
1240.0,1321.0,0.791216503803
1240.0,1323.0,0.967908005668
1240.0,1329.0,0.917136928937
1240.0,1332.0,0.947449225962
1240.0,1343.0,0.940036870978
1240.0,1344.0,0.880208751294
1240.0,1345.0,0.957934318567
1240.0,1348.0,0.779330377336
1240.0,1355.0,0.956020068391
1240.0,1371.0,0.875071012166
1240.0,1374.0,0.943359170478
1240.0,1376.0,0.745741960501
1240.0,1388.0,0.978961088268
1240.0,1407.0,0.463657371431
1240.0,1411.0,0.841926736348
1240.0,1413.0,0.564886166827
1240.0,1417.0,0.943052018508
1240.0,1423.0,0.62268702333
1240.0,1425.0,0.732976605832
1240.0,1433.0,0.973651145792
1240.0,1435.0,0.937669446325
1240.0,1436.0,0.95410392663
1240.0,1437.0,0.978147012202
1240.0,1438.0,0.987346401349
1240.0,1439.0,0.772860668229
1240.0,1448.0,0.554571690216
1240.0,1452.0,0.942059186444
1240.0,1455.0,0.991761623683
1240.0,1457.0,0.754297296277
1240.0,1458.0,0.989261090464
1240.0,1462.0,0.952475191974
1242.0,1243.0,0.0461148121331
1242.0,1245.0,0.0230344459629
1242.0,1246.0,0.387755527617
1242.0,1257.0,0.359359306939
1242.0,1266.0,0.0429764568994
1242.0,1268.0,0.0565969328581
1242.0,1274.0,0.0667227854743
1242.0,1276.0,0.0730005655379
1242.0,1277.0,0.211073225825
1242.0,1278.0,0.0233966893791
1242.0,1291.0,0.00547125310316
1242.0,1292.0,0.0560561498825
1242.0,1297.0,0.00436717842136
1242.0,1300.0,0.0348594310606
1242.0,1305.0,0.00794079583267
1242.0,1308.0,0.0701131811247
1242.0,1309.0,0.00164406106345
1242.0,1314.0,0.193750020121
1242.0,1315.0,0.0059857125844
1242.0,1321.0,0.0132347254834
1242.0,1323.0,0.0964478411727
1242.0,1329.0,0.037695338992
1242.0,1332.0,0.0599812162802
1242.0,1343.0,0.0525667504646
1242.0,1344.0,0.0253462012006
1242.0,1345.0,0.0745841660286
1242.0,1348.0,0.0123448633609
1242.0,1355.0,0.0714373870152
1242.0,1371.0,0.0241906185509
1242.0,1374.0,0.0556641831751
1242.0,1376.0,0.0102737942459
1242.0,1388.0,0.141395958076
1242.0,1407.0,0.00305021214553
1242.0,1411.0,0.0185015204671
1242.0,1413.0,0.0045737146065
1242.0,1417.0,0.0553635489401
1242.0,1423.0,0.00580685186482
1242.0,1425.0,0.00962152477779
1242.0,1433.0,0.11565520363
1242.0,1435.0,0.0505501798222
1242.0,1436.0,0.0685314992921
1242.0,1437.0,0.136751214911
1242.0,1438.0,0.21639788035
1242.0,1439.0,0.0118990445263
1242.0,1448.0,0.00438704739508
1242.0,1452.0,0.0544123282688
1242.0,1455.0,0.298765697915
1242.0,1457.0,0.0107483379282
1242.0,1458.0,0.245867151667
1242.0,1462.0,0.0662329009795
1243.0,1245.0,0.334453741947
1243.0,1246.0,0.931028369069
1243.0,1257.0,0.922813676951
1243.0,1266.0,0.489045639133
1243.0,1268.0,0.561145487433
1243.0,1274.0,0.603769242033
1243.0,1276.0,0.626648470671
1243.0,1277.0,0.850799148938
1243.0,1278.0,0.338018960417
1243.0,1291.0,0.104948618541
1243.0,1292.0,0.558638490024
1243.0,1297.0,0.0854961507856
1243.0,1300.0,0.434970690438
1243.0,1305.0,0.145739151278
1243.0,1308.0,0.61642441437
1243.0,1309.0,0.0339086142672
1243.0,1314.0,0.836652094842
1243.0,1315.0,0.113747068208
1243.0,1321.0,0.222313140846
1243.0,1323.0,0.694664877361
1243.0,1329.0,0.455011113403
1243.0,1332.0,0.576270692669
1243.0,1343.0,0.54182165712
1243.0,1344.0,0.356611363728
1243.0,1345.0,0.632053415153
1243.0,1348.0,0.210362383727
1243.0,1355.0,0.621174092213
1243.0,1371.0,0.345709801501
1243.0,1374.0,0.556805226326
1243.0,1376.0,0.181164039385
1243.0,1388.0,0.778269017511
1243.0,1407.0,0.0612182212184
1243.0,1411.0,0.28661600813
1243.0,1413.0,0.0891957758197
1243.0,1417.0,0.555389821742
1243.0,1423.0,0.110706788526
1243.0,1425.0,0.171542664499
1243.0,1433.0,0.735968215132
1243.0,1435.0,0.531566686361
1243.0,1436.0,0.610611224055
1243.0,1437.0,0.771501942547
1243.0,1438.0,0.854776791553
1243.0,1439.0,0.204244254129
1243.0,1448.0,0.0858532973045
1243.0,1452.0,0.550857321905
1243.0,1455.0,0.900802092532
1243.0,1457.0,0.18803233962
1243.0,1458.0,0.874195387411
1243.0,1462.0,0.601879220341
1245.0,1246.0,0.964127635447
1245.0,1257.0,0.959684441902
1245.0,1266.0,0.655846174745
1245.0,1268.0,0.717982133582
1245.0,1274.0,0.752102509713
1245.0,1276.0,0.769683921806
1245.0,1277.0,0.919052666903
1245.0,1278.0,0.504131675813
1245.0,1291.0,0.189271882866
1245.0,1292.0,0.715917504381
1245.0,1297.0,0.156930241753
1245.0,1300.0,0.605172134115
1245.0,1305.0,0.253552156719
1245.0,1308.0,0.761888472957
1245.0,1309.0,0.0653186946306
1245.0,1314.0,0.910698045762
1245.0,1315.0,0.203532099485
1245.0,1321.0,0.362720675097
1245.0,1323.0,0.819162198897
1245.0,1329.0,0.624388743582
1245.0,1332.0,0.730299902141
1245.0,1343.0,0.701895492842
1245.0,1344.0,0.524619979147
1245.0,1345.0,0.773765736378
1245.0,1348.0,0.346585886528
1245.0,1355.0,0.765522080387
1245.0,1371.0,0.512674964281
1245.0,1374.0,0.714403541414
1245.0,1376.0,0.305802114001
1245.0,1388.0,0.874820431843
1245.0,1407.0,0.114916504067
1245.0,1411.0,0.444426936122
1245.0,1413.0,0.163169461408
1245.0,1417.0,0.713232231471
1245.0,1423.0,0.198629861212
1245.0,1425.0,0.291921232437
1245.0,1433.0,0.84732585298
1245.0,1435.0,0.693194560293
1245.0,1436.0,0.757412251676
1245.0,1437.0,0.870509762832
1245.0,1438.0,0.921378842621
1245.0,1439.0,0.338202748077
1245.0,1448.0,0.157534388983
1245.0,1452.0,0.709467085147
1245.0,1455.0,0.947590305823
1245.0,1457.0,0.315574601962
1245.0,1458.0,0.932593999022
1245.0,1462.0,0.750627801736
1246.0,1257.0,0.482856009442
1246.0,1266.0,0.0695493555691
1246.0,1268.0,0.0907925817282
1246.0,1274.0,0.106346773039
1246.0,1276.0,0.115889735335
1246.0,1277.0,0.308119569344
1246.0,1278.0,0.0383482734518
1246.0,1291.0,0.00907407653212
1246.0,1292.0,0.0899562152707
1246.0,1297.0,0.00724826674024
1246.0,1300.0,0.0567108732396
1246.0,1305.0,0.013148315263
1246.0,1308.0,0.111510020882
1246.0,1309.0,0.00273360340351
1246.0,1314.0,0.285716085927
1246.0,1315.0,0.00992392744559
1246.0,1321.0,0.0218375469105
1246.0,1323.0,0.150870696321
1246.0,1329.0,0.0612117097903
1246.0,1332.0,0.0960135324406
1246.0,1343.0,0.0845455995715
1246.0,1344.0,0.0414906862631
1246.0,1345.0,0.118285011933
1246.0,1348.0,0.0203812047686
1246.0,1355.0,0.113520627841
1246.0,1371.0,0.0396289729122
1246.0,1374.0,0.0893496433666
1246.0,1376.0,0.0169850834524
1246.0,1388.0,0.215142675315
1246.0,1407.0,0.00506690104272
1246.0,1411.0,0.0304223098963
1246.0,1413.0,0.00759001900536
1246.0,1417.0,0.0888842027339
1246.0,1423.0,0.00962852774495
1246.0,1425.0,0.0159135742139
1246.0,1433.0,0.178771859776
1246.0,1435.0,0.0814076632999
1246.0,1436.0,0.109104040024
1246.0,1437.0,0.208664150312
1246.0,1438.0,0.31491514628
1246.0,1439.0,0.0196509382398
1246.0,1448.0,0.00728114769341
1246.0,1452.0,0.0874103446112
1246.0,1455.0,0.414925728184
1246.0,1457.0,0.0177640558183
1246.0,1458.0,0.351777750981
1246.0,1462.0,0.105598883244
1257.0,1266.0,0.0781496738893
1257.0,1268.0,0.101732574087
1257.0,1274.0,0.118915830641
1257.0,1276.0,0.129423324862
1257.0,1277.0,0.33558094951
1257.0,1278.0,0.0432697601846
1257.0,1291.0,0.0102787693643
1257.0,1292.0,0.100806603705
1257.0,1297.0,0.00821257029742
1257.0,1300.0,0.0638325274691
1257.0,1305.0,0.0148857867886
1257.0,1308.0,0.124604232093
1257.0,1309.0,0.00309915482134
1257.0,1314.0,0.312081388128
1257.0,1315.0,0.0112401683931
1257.0,1321.0,0.0246945158524
1257.0,1323.0,0.167714426035
1257.0,1329.0,0.0688573128951
1257.0,1332.0,0.107508233169
1257.0,1343.0,0.0948113595421
1257.0,1344.0,0.0467958348431
1257.0,1345.0,0.132056540735
1257.0,1348.0,0.023052133152
1257.0,1355.0,0.126817238118
1257.0,1371.0,0.0447071791266
1257.0,1374.0,0.100134918417
1257.0,1376.0,0.0192196867067
1257.0,1388.0,0.237157855542
1257.0,1407.0,0.00574267620154
1257.0,1411.0,0.0343629530341
1257.0,1413.0,0.0085993951695
1257.0,1417.0,0.0996194411095
1257.0,1423.0,0.0109060205021
1257.0,1425.0,0.0180097895506
1257.0,1433.0,0.19800420523
1257.0,1435.0,0.0913304185854
1257.0,1436.0,0.121954505325
1257.0,1437.0,0.230210843732
1257.0,1438.0,0.342682208813
1257.0,1439.0,0.022228337735
1257.0,1448.0,0.00824978935424
1257.0,1452.0,0.0979867178114
1257.0,1455.0,0.445773153795
1257.0,1457.0,0.0200990473563
1257.0,1458.0,0.380987561892
1257.0,1462.0,0.118091228812
1266.0,1268.0,0.577250836661
1266.0,1274.0,0.619371387806
1266.0,1276.0,0.641884069872
1266.0,1277.0,0.858946613482
1266.0,1278.0,0.352869587315
1266.0,1291.0,0.111280797861
1266.0,1292.0,0.57476612281
1266.0,1297.0,0.0907736779488
1266.0,1300.0,0.451177727911
1266.0,1305.0,0.154108712735
1266.0,1308.0,0.631832108777
1266.0,1309.0,0.0361275336887
1266.0,1314.0,0.845431743292
1266.0,1315.0,0.120538618178
1266.0,1321.0,0.233876285404
1266.0,1323.0,0.708416386745
1266.0,1329.0,0.471341962236
1266.0,1332.0,0.592224331521
1266.0,1343.0,0.558077676755
1266.0,1344.0,0.371820031622
1266.0,1345.0,0.64719262979
1266.0,1348.0,0.221480961441
1266.0,1355.0,0.63650350356
1266.0,1371.0,0.36071420255
1266.0,1374.0,0.572948638265
1266.0,1376.0,0.191112865455
1266.0,1388.0,0.78939675119
1266.0,1407.0,0.0651038026462
1266.0,1411.0,0.300232527529
1266.0,1413.0,0.0946780311875
1266.0,1417.0,0.571545118019
1266.0,1423.0,0.117340845505
1266.0,1425.0,0.181079967088
1266.0,1433.0,0.74853291505
1266.0,1435.0,0.54788294426
1266.0,1436.0,0.626110793218
1266.0,1437.0,0.78287454058
1266.0,1438.0,0.862742089406
1266.0,1439.0,0.215127560175
1266.0,1448.0,0.0911506731173
1266.0,1452.0,0.56704892551
1266.0,1455.0,0.906519043268
1266.0,1457.0,0.198267018353
1266.0,1458.0,0.881243576324
1266.0,1462.0,0.617508641441
1268.0,1274.0,0.54730780406
1268.0,1276.0,0.571131453796
1268.0,1277.0,0.818985067219
1268.0,1278.0,0.288325356228
1268.0,1291.0,0.0851141028099
1268.0,1292.0,0.501060472328
1268.0,1297.0,0.0690543712134
1268.0,1300.0,0.379188200067
1268.0,1305.0,0.119222392179
1268.0,1308.0,0.560453470794
1268.0,1309.0,0.0270937220758
1268.0,1314.0,0.80252161332
1268.0,1315.0,0.0924214124315
1268.0,1321.0,0.184879244964
1268.0,1323.0,0.643508131389
1268.0,1329.0,0.398471022874
1268.0,1332.0,0.519012405744
1268.0,1343.0,0.484075894357
1268.0,1344.0,0.305445609382
1268.0,1345.0,0.57679732837
1268.0,1348.0,0.174489298173
1268.0,1355.0,0.565407588847
1268.0,1371.0,0.295390060127
1268.0,1374.0,0.499202446292
1268.0,1376.0,0.149328529846
1268.0,1388.0,0.735792042898
1268.0,1407.0,0.0491941793377
1268.0,1411.0,0.241719971588
1268.0,1413.0,0.0720986127696
1268.0,1417.0,0.497769010958
1268.0,1423.0,0.0898933182294
1268.0,1425.0,0.141106537272
1268.0,1433.0,0.688629757273
1268.0,1435.0,0.473783698376
1268.0,1436.0,0.554405203797
1268.0,1437.0,0.728181370307
1268.0,1438.0,0.823635045866
1268.0,1439.0,0.169190945994
1268.0,1448.0,0.0693480431397
1268.0,1452.0,0.493185136069
1268.0,1455.0,0.878122781148
1268.0,1457.0,0.155218670154
1268.0,1458.0,0.846469837997
1268.0,1462.0,0.545351264715
1274.0,1276.0,0.53044355622
1274.0,1277.0,0.793301545169
1274.0,1278.0,0.255769300429
1274.0,1291.0,0.0731451928882
1274.0,1292.0,0.460010095304
1274.0,1297.0,0.0591976852853
1274.0,1300.0,0.341292606089
1274.0,1305.0,0.102997080263
1274.0,1308.0,0.519604629427
1274.0,1309.0,0.0230779416961
1274.0,1314.0,0.775143497607
1274.0,1315.0,0.0795142421153
1274.0,1321.0,0.161355446175
1274.0,1323.0,0.604937060579
1274.0,1329.0,0.359765097317
1274.0,1332.0,0.477900009527
1274.0,1343.0,0.443181022554
1274.0,1344.0,0.271694435611
1274.0,1345.0,0.536210458679
1274.0,1348.0,0.152040915382
1274.0,1355.0,0.524628641486
1274.0,1371.0,0.26233034062
1274.0,1374.0,0.458164509402
1274.0,1376.0,0.129608907499
1274.0,1388.0,0.702591100341
1274.0,1407.0,0.0420442701531
1274.0,1411.0,0.212852412087
1274.0,1413.0,0.0618362605072
1274.0,1417.0,0.456741440538
1274.0,1423.0,0.0773091360045
1274.0,1425.0,0.122316553365
1274.0,1433.0,0.652302863327
1274.0,1435.0,0.433028530615
1274.0,1436.0,0.513482210858
1274.0,1437.0,0.69442124175
1274.0,1438.0,0.798448923706
1274.0,1439.0,0.147302575247
1274.0,1448.0,0.0594521160353
1274.0,1452.0,0.452195206366
1274.0,1455.0,0.859389474526
1274.0,1457.0,0.134844520725
1274.0,1458.0,0.823847250291
1274.0,1462.0,0.50434016462
1276.0,1277.0,0.775596863196
1276.0,1278.0,0.236344030012
1276.0,1291.0,0.0663533246667
1276.0,1292.0,0.434121314079
1276.0,1297.0,0.0536259760641
1276.0,1300.0,0.318148655842
1276.0,1305.0,0.0937135899686
1276.0,1308.0,0.493426641441
1276.0,1309.0,0.0208305652414
1276.0,1314.0,0.756361164913
1276.0,1315.0,0.0721770321142
1276.0,1321.0,0.147677896964
1276.0,1323.0,0.57964728627
1276.0,1329.0,0.336007466454
1276.0,1332.0,0.451846883947
1276.0,1343.0,0.417507070878
1276.0,1344.0,0.251468351076
1276.0,1345.0,0.510084173927
1276.0,1348.0,0.139022041633
1276.0,1355.0,0.498460171558
1276.0,1371.0,0.242569182146
1276.0,1374.0,0.432296443046
1276.0,1376.0,0.118242985282
1276.0,1388.0,0.680248365917
1276.0,1407.0,0.038021798843
1276.0,1411.0,0.195828948832
1276.0,1413.0,0.0560309980682
1276.0,1417.0,0.430889825903
1276.0,1423.0,0.0701598939659
1276.0,1425.0,0.111508199231
1276.0,1433.0,0.628181539466
1276.0,1435.0,0.407512285391
1276.0,1436.0,0.487299789701
1276.0,1437.0,0.671751495464
1276.0,1438.0,0.781063459223
1276.0,1439.0,0.134625017965
1276.0,1448.0,0.0538578305864
1276.0,1452.0,0.426398942918
1276.0,1455.0,0.846248409849
1276.0,1457.0,0.123084393785
1276.0,1458.0,0.808126132077
1276.0,1462.0,0.478165745891
1277.0,1278.0,0.085478144453
1277.0,1291.0,0.0210121999466
1277.0,1292.0,0.188105496393
1277.0,1297.0,0.0168250862525
1277.0,1300.0,0.123509837314
1277.0,1305.0,0.0302828195892
1277.0,1308.0,0.227302360561
1277.0,1309.0,0.00638375194131
1277.0,1314.0,0.483885656253
1277.0,1315.0,0.022954239952
1277.0,1321.0,0.0497250404706
1277.0,1323.0,0.294010244093
1277.0,1329.0,0.132567094204
1277.0,1332.0,0.199324269395
1277.0,1343.0,0.177945799882
1277.0,1344.0,0.0921126435285
1277.0,1345.0,0.239218362713
1277.0,1348.0,0.0464972931267
1277.0,1355.0,0.230858304871
1277.0,1371.0,0.0881884766474
1277.0,1374.0,0.18697308074
1277.0,1376.0,0.038922349867
1277.0,1388.0,0.391169643786
1277.0,1407.0,0.0117958224323
1277.0,1411.0,0.0685051214784
1277.0,1413.0,0.0176103710308
1277.0,1417.0,0.186103026331
1277.0,1423.0,0.0222797027656
1277.0,1425.0,0.0365183330521
1277.0,1433.0,0.337850408504
1277.0,1435.0,0.171992575311
1277.0,1436.0,0.223025134571
1277.0,1437.0,0.381970162921
1277.0,1438.0,0.518632050049
1277.0,1439.0,0.0448741415441
1277.0,1448.0,0.0169006717822
1277.0,1452.0,0.18334149815
1277.0,1455.0,0.624375726395
1277.0,1457.0,0.0406657919573
1277.0,1458.0,0.559853662901
1277.0,1462.0,0.216750503187
1278.0,1291.0,0.18717125642
1278.0,1292.0,0.71311312129
1278.0,1297.0,0.155119879823
1278.0,1300.0,0.601882452134
1278.0,1305.0,0.250958953215
1278.0,1308.0,0.759385379359
1278.0,1309.0,0.0644843370169
1278.0,1314.0,0.909573613614
1278.0,1315.0,0.201312505853
1278.0,1321.0,0.359548756321
1278.0,1323.0,0.817116660101
1278.0,1329.0,0.621158942478
1278.0,1332.0,0.727583473083
1278.0,1343.0,0.699010884081
1278.0,1344.0,0.52119015725
1278.0,1345.0,0.771350029041
1278.0,1348.0,0.343479015976
1278.0,1355.0,0.763045304481
1278.0,1371.0,0.509239580092
1278.0,1374.0,0.711590233715
1278.0,1376.0,0.302891365929
1278.0,1388.0,0.873307097539
1278.0,1407.0,0.113525551562
1278.0,1411.0,0.441034992169
1278.0,1413.0,0.161300894155
1278.0,1417.0,0.710412062682
1278.0,1423.0,0.196450542113
1278.0,1425.0,0.289087587348
1278.0,1433.0,0.845538816205
1278.0,1435.0,0.690262910889
1278.0,1436.0,0.754877241928
1278.0,1437.0,0.868952122039
1278.0,1438.0,0.920377137963
1278.0,1439.0,0.335132482658
1278.0,1448.0,0.155718344847
1278.0,1452.0,0.706625119323
1278.0,1455.0,0.946903313791
1278.0,1457.0,0.312612723693
1278.0,1458.0,0.93172459717
1278.0,1462.0,0.748045479267
1291.0,1292.0,0.915210649652
1291.0,1297.0,0.443599981411
1291.0,1300.0,0.867811671679
1291.0,1305.0,0.592649179536
1291.0,1308.0,0.93199492643
1291.0,1309.0,0.230366430686
1291.0,1314.0,0.977618221412
1291.0,1315.0,0.522564896888
1291.0,1321.0,0.709118983569
1291.0,1323.0,0.950984707672
1291.0,1329.0,0.876846724527
1291.0,1332.0,0.920622032371
1291.0,1343.0,0.909785972007
1291.0,1344.0,0.825381723665
1291.0,1345.0,0.936098757332
1291.0,1348.0,0.694364451724
1291.0,1355.0,0.933260081814
1291.0,1371.0,0.818377707383
1291.0,1374.0,0.914632134228
1291.0,1376.0,0.653591808449
1291.0,1388.0,0.967671811421
1291.0,1407.0,0.357371225504
1291.0,1411.0,0.774075681254
1291.0,1413.0,0.455084344528
1291.0,1417.0,0.914183372519
1291.0,1423.0,0.514946595703
1291.0,1425.0,0.638443003856
1291.0,1433.0,0.959630101585
1291.0,1435.0,0.906343195218
1291.0,1436.0,0.930424486794
1291.0,1437.0,0.966435886751
1291.0,1438.0,0.980466824595
1291.0,1439.0,0.686406048076
1291.0,1448.0,0.444725578987
1291.0,1452.0,0.912733816997
1291.0,1455.0,0.987251544058
1291.0,1457.0,0.663850170882
1291.0,1458.0,0.98340500562
1291.0,1462.0,0.928018826289
1292.0,1297.0,0.0691145844791
1292.0,1300.0,0.379408627341
1292.0,1305.0,0.119320743542
1292.0,1308.0,0.560684103696
1292.0,1309.0,0.0271184127777
1292.0,1314.0,0.802669952113
1292.0,1315.0,0.0924999765112
1292.0,1321.0,0.185020381576
1292.0,1323.0,0.6437228881
1292.0,1329.0,0.398695460676
1292.0,1332.0,0.51924613082
1292.0,1343.0,0.484309728097
1292.0,1344.0,0.305644274074
1292.0,1345.0,0.577025857644
1292.0,1348.0,0.174624202322
1292.0,1355.0,0.565637636921
1292.0,1371.0,0.295584967951
1292.0,1374.0,0.499436513542
1292.0,1376.0,0.149447502923
1292.0,1388.0,0.735974015724
1292.0,1407.0,0.0492379910595
1292.0,1411.0,0.241891623486
1292.0,1413.0,0.0721612747599
1292.0,1417.0,0.498003074458
1292.0,1423.0,0.0899699463066
1292.0,1425.0,0.141220047191
1292.0,1433.0,0.688830475875
1292.0,1435.0,0.474017128283
1292.0,1436.0,0.554636488395
1292.0,1437.0,0.728366649834
1292.0,1438.0,0.823771007682
1292.0,1439.0,0.169322594004
1292.0,1448.0,0.0694084933862
1292.0,1452.0,0.49341916175
1292.0,1455.0,0.878222948336
1292.0,1457.0,0.155341479072
1292.0,1458.0,0.846591475014
1292.0,1462.0,0.545583396866
1297.0,1300.0,0.890784787406
1297.0,1305.0,0.643815478916
1297.0,1308.0,0.944526612647
1297.0,1309.0,0.271068562135
1297.0,1314.0,0.981905862721
1297.0,1315.0,0.57623984459
1297.0,1321.0,0.751783014607
1297.0,1323.0,0.96016659988
1297.0,1329.0,0.898433404668
1297.0,1332.0,0.935103536516
1297.0,1343.0,0.92608565773
1297.0,1344.0,0.854492372518
1297.0,1345.0,0.947916468478
1297.0,1348.0,0.738394193289
1297.0,1355.0,0.945572245609
1297.0,1371.0,0.848441592426
1297.0,1374.0,0.930123475736
1297.0,1376.0,0.700965683314
1297.0,1388.0,0.973813832581
1297.0,1407.0,0.408599805997
1297.0,1411.0,0.809768243086
1297.0,1413.0,0.509220744361
1297.0,1417.0,0.929749894132
1297.0,1423.0,0.568771242039
1297.0,1425.0,0.686896134184
1297.0,1433.0,0.967248253152
1297.0,1435.0,0.923212414012
1297.0,1436.0,0.943227938654
1297.0,1437.0,0.972806122002
1297.0,1438.0,0.98421757326
1297.0,1439.0,0.73113834925
1297.0,1448.0,0.498757597275
1297.0,1452.0,0.928542724935
1297.0,1455.0,0.989713163607
1297.0,1457.0,0.710442661409
1297.0,1458.0,0.986599277668
1297.0,1462.0,0.941237014141
1300.0,1305.0,0.18184752018
1300.0,1308.0,0.676763369554
1300.0,1309.0,0.0437281017102
1300.0,1314.0,0.869672254515
1300.0,1315.0,0.143258310764
1300.0,1321.0,0.271366806869
1300.0,1323.0,0.747732943803
1300.0,1329.0,0.521011232203
1300.0,1332.0,0.639229307816
1300.0,1343.0,0.606402802268
1300.0,1344.0,0.419320270255
1300.0,1345.0,0.691165579808
1300.0,1348.0,0.257652739085
1300.0,1355.0,0.681152360651
1300.0,1371.0,0.407716513217
1300.0,1374.0,0.620752673851
1300.0,1376.0,0.223750422427
1300.0,1388.0,0.820559890568
1300.0,1407.0,0.0783051979624
1300.0,1411.0,0.34358956135
1300.0,1413.0,0.113150522655
1300.0,1417.0,0.619401898551
1300.0,1423.0,0.13955344845
1300.0,1425.0,0.212454161948
1300.0,1433.0,0.784088864886
1300.0,1435.0,0.596516887665
1300.0,1436.0,0.671377126916
1300.0,1437.0,0.814776327044
1300.0,1438.0,0.884638300582
1300.0,1439.0,0.250595712674
1300.0,1448.0,0.109017821309
1300.0,1452.0,0.615069681497
1300.0,1455.0,0.922062563735
1300.0,1457.0,0.231776255703
1300.0,1458.0,0.900528613401
1300.0,1462.0,0.663256299057
1305.0,1308.0,0.904529968296
1305.0,1309.0,0.171450027286
1305.0,1314.0,0.967945246686
1305.0,1315.0,0.430742828933
1305.0,1321.0,0.627607604216
1305.0,1323.0,0.930618143091
1305.0,1329.0,0.831144517033
1305.0,1332.0,0.889110439899
1305.0,1343.0,0.874558801971
1305.0,1344.0,0.765684489153
1305.0,1345.0,0.910131381747
1305.0,1348.0,0.610986681739
1305.0,1355.0,0.906254682711
1305.0,1371.0,0.756990974329
1305.0,1374.0,0.881049899237
1305.0,1376.0,0.566042650124
1305.0,1388.0,0.953902881241
1305.0,1407.0,0.277692983895
1305.0,1411.0,0.703146719514
1305.0,1413.0,0.366029089231
1305.0,1417.0,0.880447677514
1305.0,1423.0,0.423276379236
1305.0,1425.0,0.549702982439
1305.0,1433.0,0.942639146403
1305.0,1435.0,0.869963823299
1305.0,1436.0,0.902391706073
1305.0,1437.0,0.952166583104
1305.0,1438.0,0.971989688143
1305.0,1439.0,0.602101321375
1305.0,1448.0,0.356371712706
1305.0,1452.0,0.878504014199
1305.0,1455.0,0.981663818877
1305.0,1457.0,0.577216572609
1305.0,1458.0,0.976172011243
1305.0,1462.0,0.89912186673
1308.0,1309.0,0.021632766602
1308.0,1314.0,0.763405095212
1308.0,1315.0,0.0748055593104
1308.0,1321.0,0.152603761578
1308.0,1323.0,0.589024212165
1308.0,1329.0,0.34467481432
1308.0,1332.0,0.461425819712
1308.0,1343.0,0.426925006841
1308.0,1344.0,0.258804975204
1308.0,1345.0,0.519727133385
1308.0,1348.0,0.143707866542
1308.0,1355.0,0.50811129244
1308.0,1371.0,0.2497327937
1308.0,1374.0,0.441794961151
1308.0,1376.0,0.122327947982
1308.0,1388.0,0.68858680869
1308.0,1407.0,0.039459368312
1308.0,1411.0,0.201980305971
1308.0,1413.0,0.0581083484126
1308.0,1417.0,0.440381412425
1308.0,1423.0,0.0727207190798
1308.0,1425.0,0.115390942045
1308.0,1433.0,0.637153524061
1308.0,1435.0,0.416866114368
1308.0,1436.0,0.496948932619
1308.0,1437.0,0.680207351076
1308.0,1438.0,0.787593772358
1308.0,1439.0,0.139186597323
1308.0,1448.0,0.0558593784483
1308.0,1452.0,0.435867368737
1308.0,1455.0,0.85120481924
1308.0,1457.0,0.127312464131
1308.0,1458.0,0.814041418991
1308.0,1462.0,0.487806106907
1309.0,1314.0,0.993269168674
1309.0,1315.0,0.787136727014
1309.0,1321.0,0.891730455117
1309.0,1323.0,0.984973458454
1309.0,1329.0,0.960087446033
1309.0,1332.0,0.975114259789
1309.0,1343.0,0.971486657995
1309.0,1344.0,0.941070411001
1309.0,1345.0,0.9801949233
1309.0,1348.0,0.884732984137
1309.0,1355.0,0.97927174941
1309.0,1371.0,0.938360177929
1309.0,1374.0,0.973116292776
1309.0,1376.0,0.86439647351
1309.0,1388.0,0.990208340439
1309.0,1407.0,0.652634303499
1309.0,1411.0,0.920481013315
1309.0,1413.0,0.738325366643
1309.0,1417.0,0.972965883431
1309.0,1423.0,0.781978774962
1309.0,1425.0,0.856441535797
1309.0,1433.0,0.987701393526
1309.0,1435.0,0.970321711482
1309.0,1436.0,0.978345703761
1309.0,1437.0,0.989824940287
1309.0,1438.0,0.994137768499
1309.0,1439.0,0.880881187225
1309.0,1448.0,0.730158315621
1309.0,1452.0,0.972479350948
1309.0,1455.0,0.996192416451
1309.0,1457.0,0.869657116788
1309.0,1458.0,0.995029989457
1309.0,1462.0,0.977557012003
1314.0,1315.0,0.0260359694725
1314.0,1321.0,0.0561941794255
1314.0,1323.0,0.321507916307
1314.0,1329.0,0.148133767944
1314.0,1332.0,0.22073512224
1314.0,1343.0,0.19762705103
1314.0,1344.0,0.103495736646
1314.0,1345.0,0.263504221129
1314.0,1348.0,0.052569738355
1314.0,1355.0,0.254579444511
1314.0,1371.0,0.0991395837974
1314.0,1374.0,0.207400869516
1314.0,1376.0,0.0440512277058
1314.0,1388.0,0.422318512477
1314.0,1407.0,0.0134000205835
1314.0,1411.0,0.07721897747
1314.0,1413.0,0.0199893356928
1314.0,1417.0,0.206459896115
1314.0,1423.0,0.0252732145788
1314.0,1425.0,0.041344056142
1314.0,1433.0,0.367315015902
1314.0,1435.0,0.191168505333
1314.0,1436.0,0.246199037365
1314.0,1437.0,0.412883264634
1314.0,1438.0,0.550749192708
1314.0,1439.0,0.0507458883946
1314.0,1448.0,0.0191856363399
1314.0,1452.0,0.203471814821
1314.0,1455.0,0.654142508043
1314.0,1457.0,0.0460134076449
1314.0,1458.0,0.591387367576
1314.0,1462.0,0.239473375087
1315.0,1321.0,0.689634415224
1315.0,1323.0,0.946478627728
1315.0,1329.0,0.866481900191
1315.0,1332.0,0.913578309854
1315.0,1343.0,0.901883174706
1315.0,1344.0,0.811616070644
1315.0,1345.0,0.930324445675
1315.0,1348.0,0.674345433721
1315.0,1355.0,0.927249194059
1315.0,1371.0,0.804190896169
1315.0,1374.0,0.907110519039
1315.0,1376.0,0.632316344243
1315.0,1388.0,0.964642775869
1315.0,1407.0,0.336375039423
1315.0,1411.0,0.757453970838
1315.0,1413.0,0.432208403125
1315.0,1417.0,0.906626254265
1315.0,1423.0,0.491777214073
1315.0,1425.0,0.616782657005
1315.0,1433.0,0.955881939215
1315.0,1435.0,0.898172564063
1315.0,1436.0,0.92417896138
1315.0,1437.0,0.963295441932
1315.0,1438.0,0.978610136113
1315.0,1439.0,0.666116410253
1315.0,1448.0,0.421967124403
1315.0,1452.0,0.905062305474
1315.0,1455.0,0.986030575577
1315.0,1457.0,0.642860477004
1315.0,1458.0,0.981822422462
1315.0,1462.0,0.921575555932
1321.0,1323.0,0.887180097016
1321.0,1329.0,0.742650808076
1321.0,1332.0,0.824583940458
1321.0,1343.0,0.80343672288
1321.0,1344.0,0.657040489805
1321.0,1345.0,0.855853831737
1321.0,1348.0,0.47938498951
1321.0,1355.0,0.850021572652
1321.0,1371.0,0.646178755251
1321.0,1374.0,0.812820429315
1321.0,1376.0,0.433337940577
1321.0,1388.0,0.92384988596
1321.0,1407.0,0.183936355248
1321.0,1411.0,0.581360083497
1321.0,1413.0,0.252889841327
1321.0,1417.0,0.811946504816
1321.0,1423.0,0.30083891526
1321.0,1425.0,0.417146667694
1321.0,1433.0,0.905966656962
1321.0,1435.0,0.796841696318
1321.0,1436.0,0.844239654412
1321.0,1437.0,0.921075267564
1321.0,1438.0,0.953149231761
1321.0,1439.0,0.470100701997
1321.0,1448.0,0.245063655462
1321.0,1452.0,0.809130591373
1321.0,1455.0,0.969123727835
1321.0,1457.0,0.444575963888
1321.0,1458.0,0.960029008707
1321.0,1462.0,0.839368513321
1323.0,1329.0,0.273253875887
1323.0,1332.0,0.379834756351
1323.0,1343.0,0.347498307725
1323.0,1344.0,0.199753657013
1323.0,1345.0,0.436176026852
1323.0,1348.0,0.107122650353
1323.0,1355.0,0.424775964403
1323.0,1371.0,0.192214655088
1323.0,1374.0,0.361346162725
1323.0,1376.0,0.0906096927637
1323.0,1388.0,0.612509958769
1323.0,1407.0,0.0285295485124
1323.0,1411.0,0.153214463081
1323.0,1413.0,0.0422401197362
1323.0,1417.0,0.360023999635
1323.0,1423.0,0.0530870485423
1323.0,1425.0,0.0852965686681
1323.0,1433.0,0.556602603969
1323.0,1435.0,0.338206385647
1323.0,1436.0,0.413903852915
1323.0,1437.0,0.603262876359
1323.0,1438.0,0.726082386763
1323.0,1439.0,0.103613131331
1323.0,1448.0,0.040578839596
1323.0,1452.0,0.355809936573
1323.0,1455.0,0.803519193828
1323.0,1457.0,0.0944408504225
1323.0,1458.0,0.757834117053
1323.0,1462.0,0.405058647806
1329.0,1332.0,0.622929265768
1329.0,1343.0,0.589571895633
1329.0,1344.0,0.402373581063
1329.0,1345.0,0.676022794077
1329.0,1348.0,0.24448883004
1329.0,1355.0,0.66575603605
1329.0,1371.0,0.390923073145
1329.0,1374.0,0.604134812551
1329.0,1376.0,0.211824387515
1329.0,1388.0,0.810017654184
1329.0,1407.0,0.0733984604166
1329.0,1411.0,0.327974822517
1329.0,1413.0,0.106312167873
1329.0,1417.0,0.602762725233
1329.0,1423.0,0.131355753764
1329.0,1425.0,0.200974339005
1329.0,1433.0,0.771999299538
1329.0,1435.0,0.579556344108
1329.0,1436.0,0.655747339691
1329.0,1437.0,0.803975474604
1329.0,1438.0,0.877297770698
1329.0,1439.0,0.237676920116
1329.0,1448.0,0.102400391053
1329.0,1452.0,0.598363920708
1329.0,1455.0,0.916879611917
1329.0,1457.0,0.219543426701
1329.0,1458.0,0.894078128203
1329.0,1462.0,0.647443096809
1332.0,1343.0,0.468240473552
1332.0,1344.0,0.29214476513
1332.0,1345.0,0.56122825496
1332.0,1348.0,0.165531951533
1332.0,1355.0,0.54974658778
1332.0,1371.0,0.282349087243
1332.0,1374.0,0.483335769555
1332.0,1376.0,0.141441498708
1332.0,1388.0,0.723265861461
1332.0,1407.0,0.0463080038696
1332.0,1411.0,0.230274082917
1332.0,1413.0,0.0679647111418
1332.0,1417.0,0.48190405307
1332.0,1423.0,0.0848324046775
1332.0,1425.0,0.133585570252
1332.0,1433.0,0.674855669557
1332.0,1435.0,0.457986087166
1332.0,1436.0,0.538671219195
1332.0,1437.0,0.715433912606
1332.0,1438.0,0.814222004586
1332.0,1439.0,0.160452722477
1332.0,1448.0,0.065360741393
1332.0,1452.0,0.477327422571
1332.0,1455.0,0.871162980728
1332.0,1457.0,0.147074327865
1332.0,1458.0,0.838035885272
1332.0,1462.0,0.529568856851
1343.0,1344.0,0.315682067937
1343.0,1345.0,0.588423369958
1343.0,1348.0,0.181483755484
1343.0,1355.0,0.57711712408
1343.0,1371.0,0.305437721626
1343.0,1374.0,0.511153525304
1343.0,1376.0,0.155504399283
1343.0,1388.0,0.744981394702
1343.0,1407.0,0.051479348927
1343.0,1411.0,0.250591310766
1343.0,1413.0,0.0753634077221
1343.0,1417.0,0.509720701425
1343.0,1423.0,0.0938823722373
1343.0,1425.0,0.147001126111
1343.0,1433.0,0.698787941048
1343.0,1435.0,0.485716451905
1343.0,1436.0,0.566183732816
1343.0,1437.0,0.73754100608
1343.0,1438.0,0.830473082272
1343.0,1439.0,0.176018302934
1343.0,1448.0,0.0724980172368
1343.0,1452.0,0.505137463474
1343.0,1455.0,0.883147937198
1343.0,1457.0,0.161591867486
1343.0,1458.0,0.852580987528
1343.0,1462.0,0.557177961876
1344.0,1345.0,0.758864018202
1344.0,1348.0,0.327984073676
1344.0,1355.0,0.75025262732
1344.0,1371.0,0.491869260563
1344.0,1374.0,0.697122266592
1344.0,1376.0,0.288423017029
1344.0,1388.0,0.865417289281
1344.0,1407.0,0.106717977071
1344.0,1411.0,0.423981243382
1344.0,1413.0,0.15212007751
1344.0,1417.0,0.695910249818
1344.0,1423.0,0.185712096985
1344.0,1425.0,0.275018479162
1344.0,1433.0,0.836243996547
1344.0,1435.0,0.675213383882
1344.0,1436.0,0.741792810654
1344.0,1437.0,0.86083432545
1344.0,1438.0,0.915133762488
1344.0,1439.0,0.31983063843
1344.0,1448.0,0.146799656502
1344.0,1452.0,0.692015880697
1344.0,1455.0,0.943299142252
1344.0,1457.0,0.297878435856
1344.0,1458.0,0.92716935014
1344.0,1462.0,0.734724526489
1345.0,1348.0,0.136401390606
1345.0,1355.0,0.492943200958
1345.0,1371.0,0.238537393089
1345.0,1374.0,0.426888471432
1345.0,1376.0,0.115961276199
1345.0,1388.0,0.67542898969
1345.0,1407.0,0.0372227523038
1345.0,1411.0,0.192376722052
1345.0,1413.0,0.0548750690286
1345.0,1417.0,0.425486262471
1345.0,1423.0,0.0687337071926
1345.0,1425.0,0.109340334479
1345.0,1433.0,0.623012308505
1345.0,1435.0,0.402194705053
1345.0,1436.0,0.481787683824
1345.0,1437.0,0.666866769612
1345.0,1438.0,0.777266059472
1345.0,1439.0,0.132074538685
1345.0,1448.0,0.0527442293306
1345.0,1452.0,0.421010035128
1345.0,1455.0,0.843354877522
1345.0,1457.0,0.120722051798
1345.0,1458.0,0.80468074673
1345.0,1462.0,0.472661708625
1348.0,1355.0,0.8603792566
1348.0,1371.0,0.665067073051
1348.0,1374.0,0.825218999178
1348.0,1376.0,0.453987558245
1348.0,1388.0,0.92953159043
1348.0,1407.0,0.196829477438
1348.0,1411.0,0.601575115183
1348.0,1413.0,0.269022943737
1348.0,1417.0,0.824390455843
1348.0,1423.0,0.318725960895
1348.0,1425.0,0.43762058548
1348.0,1433.0,0.912856803546
1348.0,1435.0,0.810051338393
1348.0,1436.0,0.85492849557
1348.0,1437.0,0.926947621742
1348.0,1438.0,0.956747204322
1348.0,1439.0,0.490984277548
1348.0,1448.0,0.260871819334
1348.0,1452.0,0.821719964194
1348.0,1455.0,0.971531557167
1348.0,1457.0,0.465321352776
1348.0,1458.0,0.963119082388
1348.0,1462.0,0.850332369218
1355.0,1371.0,0.242110138329
1355.0,1374.0,0.431682985178
1355.0,1376.0,0.117982570896
1355.0,1388.0,0.679704325706
1355.0,1407.0,0.0379304608332
1355.0,1411.0,0.195435534516
1355.0,1413.0,0.0558989113114
1355.0,1417.0,0.430276851237
1355.0,1423.0,0.0699969697245
1355.0,1425.0,0.11126074574
1355.0,1433.0,0.627597408427
1355.0,1435.0,0.406908789088
1355.0,1436.0,0.486675191257
1355.0,1437.0,0.671199986102
1355.0,1438.0,0.780635635543
1355.0,1439.0,0.134334020943
1355.0,1448.0,0.0537305752265
1355.0,1452.0,0.425787577142
1355.0,1455.0,0.845922836715
1355.0,1457.0,0.122814801968
1355.0,1458.0,0.807738174147
1355.0,1462.0,0.477541950292
1371.0,1374.0,0.703407985957
1371.0,1376.0,0.294608120237
1371.0,1388.0,0.868867320944
1371.0,1407.0,0.109606701051
1371.0,1411.0,0.431311308221
1371.0,1413.0,0.156023123472
1371.0,1417.0,0.702210377794
1371.0,1423.0,0.190283607312
1371.0,1425.0,0.281029655017
1371.0,1433.0,0.840303883561
1371.0,1435.0,0.681746211579
1371.0,1436.0,0.747487269743
1371.0,1437.0,0.864383430945
1371.0,1438.0,0.917430908825
1371.0,1439.0,0.326380338298
1371.0,1448.0,0.150590438107
1371.0,1452.0,0.698361720373
1371.0,1455.0,0.9448798317
1371.0,1457.0,0.304179628879
1371.0,1458.0,0.929165935171
1371.0,1462.0,0.74052034045
1374.0,1376.0,0.149383162819
1374.0,1388.0,0.735875630456
1374.0,1407.0,0.0492142968575
1374.0,1411.0,0.241798798602
1374.0,1413.0,0.0721273863125
1374.0,1417.0,0.497876512939
1374.0,1423.0,0.0899285051286
1374.0,1425.0,0.141158661322
1374.0,1433.0,0.688721953331
1374.0,1435.0,0.473890908055
1374.0,1436.0,0.554511432514
1374.0,1437.0,0.72826647644
1374.0,1438.0,0.823697501462
1374.0,1439.0,0.169251399962
1374.0,1448.0,0.0693758010409
1374.0,1452.0,0.493292620431
1374.0,1455.0,0.878168795346
1374.0,1457.0,0.155275064731
1374.0,1458.0,0.846525713981
1374.0,1462.0,0.545457882223
1376.0,1388.0,0.940811531485
1376.0,1407.0,0.227984063011
1376.0,1411.0,0.645320435665
1376.0,1413.0,0.307233367603
1376.0,1417.0,0.849780569238
1376.0,1423.0,0.360514186155
1376.0,1425.0,0.483924387529
1376.0,1433.0,0.926595110599
1376.0,1435.0,0.837104990265
1376.0,1436.0,0.876564431542
1376.0,1437.0,0.938613865681
1376.0,1438.0,0.963840187707
1376.0,1439.0,0.537537493433
1376.0,1448.0,0.298397113666
1376.0,1452.0,0.847424725322
1376.0,1455.0,0.976260227504
1376.0,1457.0,0.511888300506
1376.0,1458.0,0.969200785335
1376.0,1462.0,0.872551584867
1388.0,1407.0,0.0179728521183
1388.0,1411.0,0.101333509432
1388.0,1413.0,0.0267498399081
1388.0,1417.0,0.259581275112
1388.0,1423.0,0.0337591964728
1388.0,1425.0,0.0549220915197
1388.0,1433.0,0.438931180633
1388.0,1435.0,0.241553099865
1388.0,1436.0,0.305607411887
1388.0,1437.0,0.486551521532
1388.0,1438.0,0.622917495899
1388.0,1439.0,0.0671952054782
1388.0,1448.0,0.0256814479775
1388.0,1452.0,0.256072467553
1388.0,1455.0,0.718199960637
1388.0,1457.0,0.0610273104736
1388.0,1458.0,0.66104521575
1388.0,1462.0,0.297900205091
1407.0,1411.0,0.859373231906
1407.0,1413.0,0.598321484233
1407.0,1417.0,0.950000181306
1407.0,1423.0,0.654398157253
1407.0,1425.0,0.759005902135
1407.0,1433.0,0.976957163828
1407.0,1435.0,0.945236194662
1407.0,1436.0,0.959761193671
1407.0,1437.0,0.980899995128
1407.0,1438.0,0.988953556906
1407.0,1439.0,0.796083706685
1407.0,1448.0,0.588221833552
1407.0,1452.0,0.949121948378
1407.0,1455.0,0.992812076717
1407.0,1457.0,0.778875254626
1407.0,1458.0,0.990627366552
1407.0,1462.0,0.958324451658
1411.0,1413.0,0.195282560386
1411.0,1417.0,0.755824683661
1411.0,1423.0,0.235755732403
1411.0,1425.0,0.339105553556
1411.0,1433.0,0.873533392565
1411.0,1435.0,0.737668492129
1411.0,1436.0,0.795325867767
1411.0,1437.0,0.893239057967
1411.0,1438.0,0.935837268262
1411.0,1439.0,0.388760576759
1411.0,1448.0,0.188788655611
1411.0,1452.0,0.752424643551
1411.0,1455.0,0.957451044269
1411.0,1457.0,0.364613421203
1411.0,1458.0,0.94511282071
1411.0,1462.0,0.789306790341
1413.0,1417.0,0.925873610076
1413.0,1423.0,0.554520348072
1413.0,1425.0,0.67431362458
1413.0,1433.0,0.965363986042
1413.0,1435.0,0.919006826657
1413.0,1436.0,0.9400473953
1413.0,1437.0,0.971232098988
1413.0,1438.0,0.983292718553
1413.0,1439.0,0.719608018618
1413.0,1448.0,0.48429084747
1413.0,1452.0,0.924605232759
1413.0,1455.0,0.989106787723
1413.0,1457.0,0.698390912852
1413.0,1458.0,0.985811979563
1413.0,1462.0,0.937952270353
1417.0,1423.0,0.0917327344324
1417.0,1425.0,0.143828279223
1417.0,1433.0,0.693386568264
1417.0,1435.0,0.479341107094
1417.0,1436.0,0.559902074894
1417.0,1437.0,0.732568605197
1417.0,1438.0,0.826847976305
1417.0,1439.0,0.172345696581
1417.0,1448.0,0.0707997617919
1417.0,1452.0,0.498754421386
1417.0,1455.0,0.880487115575
1417.0,1457.0,0.158162489567
1417.0,1458.0,0.849342867712
1417.0,1462.0,0.55086934427
1423.0,1425.0,0.624468049734
1423.0,1433.0,0.957238212254
1423.0,1435.0,0.901119412778
1423.0,1436.0,0.926434837744
1423.0,1437.0,0.964432290001
1423.0,1438.0,0.979282844518
1423.0,1439.0,0.673336421388
1423.0,1448.0,0.429948535871
1423.0,1452.0,0.907830228492
1423.0,1455.0,0.986473137925
1423.0,1457.0,0.650319385877
1423.0,1458.0,0.982395922227
1423.0,1462.0,0.923902512534
1425.0,1433.0,0.931223845384
1425.0,1435.0,0.846441573786
1425.0,1436.0,0.883952869863
1425.0,1437.0,0.942531730848
1425.0,1438.0,0.966205993632
1425.0,1439.0,0.554914948469
1425.0,1448.0,0.313280722923
1425.0,1452.0,0.856271374529
1425.0,1455.0,0.977832124464
1425.0,1457.0,0.529385747338
1425.0,1458.0,0.971226336949
1425.0,1462.0,0.88014737678
1433.0,1435.0,0.292347338009
1433.0,1436.0,0.363417089734
1433.0,1437.0,0.551409133337
1433.0,1438.0,0.681814431381
1433.0,1439.0,0.0854562025103
1433.0,1448.0,0.0330604987708
1433.0,1452.0,0.308677272209
1433.0,1455.0,0.767763051706
1433.0,1457.0,0.0777518327906
1433.0,1458.0,0.716695386821
1433.0,1462.0,0.35499730166
1435.0,1436.0,0.579520038275
1435.0,1437.0,0.747954534409
1435.0,1438.0,0.838009217893
1435.0,1439.0,0.184063689804
1435.0,1448.0,0.0762495920807
1435.0,1452.0,0.518755308082
1435.0,1455.0,0.888656413772
1435.0,1457.0,0.16911318993
1435.0,1458.0,0.859300843728
1435.0,1462.0,0.570581142948
1436.0,1437.0,0.68161336481
1436.0,1438.0,0.788674330004
1436.0,1439.0,0.139963752217
1436.0,1448.0,0.0562016483627
1436.0,1452.0,0.43745921742
1436.0,1455.0,0.852022573765
1436.0,1457.0,0.128033180351
1436.0,1458.0,0.81501903198
1436.0,1462.0,0.489423076407
1437.0,1438.0,0.641550013268
1437.0,1439.0,0.0723965197185
1437.0,1448.0,0.027764994478
1437.0,1452.0,0.271636548072
1437.0,1455.0,0.734133817575
1437.0,1457.0,0.0657848627342
1437.0,1458.0,0.678765310555
1437.0,1462.0,0.314930335599
1438.0,1439.0,0.0432747902111
1438.0,1448.0,0.0162813228544
1438.0,1452.0,0.177725354856
1438.0,1455.0,0.615430710512
1438.0,1457.0,0.0392102722467
1438.0,1458.0,0.550478352838
1438.0,1462.0,0.210374599769
1439.0,1448.0,0.266239008262
1439.0,1452.0,0.825735087498
1439.0,1455.0,0.972286498846
1439.0,1457.0,0.472207578085
1439.0,1458.0,0.964088864613
1439.0,1462.0,0.853817736026
1448.0,1452.0,0.928411856708
1448.0,1455.0,0.989693080567
1448.0,1457.0,0.71003709432
1448.0,1458.0,0.986573197846
1448.0,1462.0,0.941127920458
1452.0,1455.0,0.883188267355
1452.0,1457.0,0.161644828652
1452.0,1458.0,0.85263010708
1452.0,1462.0,0.557274397735
1455.0,1457.0,0.0252210572697
1455.0,1458.0,0.437057918049
1455.0,1462.0,0.144502847132
1457.0,1458.0,0.967418976972
1457.0,1462.0,0.865951722671
1458.0,1462.0,0.185586805341
