team1,team2,pred
1112,1116,0.960731790771918
1112,1124,0.966254804038529
1112,1137,0.999803494273419
1112,1139,0.925634101639458
1112,1153,0.647487378255624
1112,1166,0.996773378864444
1112,1173,0.586680783624297
1112,1181,0.428518369400013
1112,1190,0.999815855145917
1112,1195,0.996655749405483
1112,1196,0.601336310293108
1112,1199,0.999805372194779
1112,1211,0.530746181693354
1112,1233,0.997588041823321
1112,1235,0.635072857061699
1112,1240,0.999612635154102
1112,1242,0.647606086555993
1112,1243,0.997392527075676
1112,1245,0.999751281895621
1112,1246,0.525460169631745
1112,1257,0.65492858137297
1112,1266,0.999800451278939
1112,1268,0.933351145847091
1112,1274,0.927622697720744
1112,1276,0.885883130595052
1112,1277,0.591726441015964
1112,1278,0.999820733300629
1112,1291,0.995988073159465
1112,1292,0.965036175130597
1112,1297,0.999787412787998
1112,1300,0.996347796770568
1112,1305,0.999741952166395
1112,1308,0.959411357402505
1112,1309,0.999803870771265
1112,1314,0.534673036656107
1112,1315,0.999771333023815
1112,1321,0.999739449943362
1112,1323,0.405929716320727
1112,1329,0.949338293885139
1112,1332,0.486432520431154
1112,1343,0.999719990645734
1112,1344,0.494149376663591
1112,1345,0.959779795073232
1112,1348,0.999820873468205
1112,1355,0.995112919701122
1112,1371,0.997997553651202
1112,1374,0.997365284867647
1112,1376,0.999800064708391
1112,1388,0.999748695754841
1112,1407,0.999774298985576
1112,1411,0.955366652358556
1112,1413,0.999811151703794
1112,1417,0.659814274849098
1112,1423,0.997233661643631
1112,1425,0.997526052073327
1112,1433,0.654239248835873
1112,1435,0.997351214788649
1112,1436,0.999772612944006
1112,1437,0.380592698644791
1112,1438,0.433478129826865
1112,1439,0.999828378090066
1112,1448,0.999867889452365
1112,1452,0.951951042996381
1112,1455,0.526265826634164
1112,1457,0.999757603110778
1112,1458,0.361227268414736
1112,1462,0.62488194611934
1116,1124,0.584811881065119
1116,1137,0.996020419952234
1116,1139,0.379764137149755
1116,1153,0.0828668070702379
1116,1166,0.938257790844478
1116,1173,0.0652672456826648
1116,1181,0.0355735999574234
1116,1190,0.996269861121259
1116,1195,0.936143583494428
1116,1196,0.069074423250291
1116,1199,0.996058308567384
1116,1211,0.0527054654739397
1116,1233,0.953152196540956
1116,1235,0.0788562888181701
1116,1240,0.992183918245671
1116,1242,0.082906345159306
1116,1243,0.949536893425042
1116,1245,0.994968088168734
1116,1246,0.0516564305239304
1116,1257,0.0853909790944958
1116,1266,0.995959030841318
1116,1268,0.407891820548329
1116,1274,0.386677788652306
1116,1276,0.276344123716654
1116,1277,0.0665506121887248
1116,1278,0.996368334482645
1116,1291,0.924312181930684
1116,1292,0.575864799879806
1116,1297,0.995696074864102
1116,1300,0.930651139926938
1116,1305,0.994780271596413
1116,1308,0.537628877834838
1116,1309,0.996028015887773
1116,1314,0.0534986544197331
1116,1315,0.995371965206401
1116,1321,0.994729910862157
1116,1323,0.0325197126650955
1116,1329,0.479652216402398
1116,1332,0.0445183437620977
1116,1343,0.994338430665216
1116,1344,0.045850487076167
1116,1345,0.539990250426457
1116,1348,0.996371164263053
1116,1355,0.909226774459067
1116,1371,0.960809817496664
1116,1374,0.949035215997637
1116,1376,0.995951232715051
1116,1388,0.994916019872858
1116,1407,0.995431733138102
1116,1411,0.512892869720086
1116,1413,0.996174932133218
1116,1417,0.0871004085878027
1116,1423,0.946618380729798
1116,1425,0.952003108077598
1116,1433,0.0851531748949693
1116,1435,0.948776306031792
1116,1436,0.995397756402183
1116,1437,0.0293388664793612
1116,1438,0.0362740158002162
1116,1439,0.996522694024998
1116,1448,0.997321211848884
1116,1452,0.493565900539755
1116,1455,0.0518149538460124
1116,1457,0.995095378726727
1116,1458,0.0270650916967234
1116,1462,0.0757384568501209
1124,1137,0.995345622978992
1124,1139,0.34347217838598
1124,1153,0.0716691617610696
1124,1166,0.928491668827618
1124,1173,0.0563018030742896
1124,1181,0.0305537019032377
1124,1190,0.995637175338072
1124,1195,0.926069395630586
1124,1196,0.0596193636852105
1124,1199,0.995389906435998
1124,1211,0.0453817967961884
1124,1233,0.945605425771279
1124,1235,0.0681603018178291
1124,1240,0.99086455204137
1124,1242,0.0717037748446259
1124,1243,0.941443508094151
1124,1245,0.994115906837301
1124,1246,0.0444716868772304
1124,1257,0.0738797231547632
1124,1266,0.995273873824341
1124,1268,0.370517621195342
1124,1274,0.350098068567609
1124,1276,0.246015261850101
1124,1277,0.0574197091019064
1124,1278,0.995752279999933
1124,1291,0.912545808424553
1124,1292,0.537059696110114
1124,1297,0.994966558291104
1124,1300,0.9197846951895
1124,1305,0.993896477639461
1124,1308,0.498372791823099
1124,1309,0.995354500911025
1124,1314,0.0460701287002427
1124,1315,0.99458781056429
1124,1321,0.993837642748571
1124,1323,0.0279182828882022
1124,1329,0.440595499328563
1124,1332,0.0382863342151977
1124,1343,0.993380322914204
1124,1344,0.0394396917068998
1124,1345,0.500748475522267
1124,1348,0.995755587762868
1124,1355,0.895380674749739
1124,1371,0.954437655307926
1124,1374,0.940866381282303
1124,1376,0.995264759791428
1124,1388,0.994055073183241
1124,1407,0.99465765096898
1124,1411,0.473592948118992
1124,1413,0.995526217317148
1124,1417,0.0753777024425994
1124,1423,0.938087437853998
1124,1425,0.944282049994518
1124,1433,0.0736713942760659
1124,1435,0.940568571013543
1124,1436,0.994617948082549
1124,1437,0.0251758037498921
1124,1438,0.0311584731819418
1124,1439,0.995932717303051
1124,1448,0.996866289524597
1124,1452,0.454365520470176
1124,1455,0.0446091987918446
1124,1457,0.994264630471286
1124,1458,0.0232169510123542
1124,1462,0.0654353278786058
1137,1139,0.00293563392270693
1137,1153,0.000434291339356776
1137,1166,0.068097638738659
1137,1173,0.000335647685122239
1137,1181,0.000177338621833381
1137,1190,0.562233172664027
1137,1195,0.0658528876818627
1137,1196,0.000356671988405615
1137,1199,0.548559809675564
1137,1211,0.000267470611983499
1137,1233,0.0891163803895659
1137,1235,0.000411482933750579
1137,1240,0.379041787668856
1137,1242,0.000434517186083538
1137,1243,0.0829738439522999
1137,1245,0.487394725982746
1137,1246,0.000261858440490112
1137,1257,0.000448748702804423
1137,1266,0.542367937923542
1137,1268,0.00330163688225079
1137,1274,0.00302250837758314
1137,1276,0.00183291789277721
1137,1277,0.000342715732160695
1137,1278,0.568830984689274
1137,1291,0.0554666111181058
1137,1292,0.00648651769165357
1137,1297,0.526617858690457
1137,1300,0.0606192907403375
1137,1305,0.478197349616457
1137,1308,0.00556022032729615
1137,1309,0.546655675291026
1137,1314,0.00027172226498166
1137,1315,0.508409638189083
1137,1321,0.475789330392558
1137,1323,0.000161605453039188
1137,1329,0.0044129965868095
1137,1332,0.00022399636984067
1137,1343,0.457858724600789
1137,1344,0.000231019587948533
1137,1345,0.00561301162376452
1137,1348,0.569022852886765
1137,1355,0.04595218995549
1137,1371,0.105458646839814
1137,1374,0.0821843674834569
1137,1376,0.541887439262408
1137,1388,0.484810035233742
1137,1407,0.511672930151358
1137,1411,0.00503767836043519
1137,1413,0.556014931743263
1137,1417,0.000458584740545396
1137,1423,0.0785717354780609
1137,1425,0.0870728940596772
1137,1433,0.000447383277308441
1137,1435,0.0817824560616142
1137,1436,0.509812749925715
1137,1437,0.000145322947961239
1137,1438,0.000180961046036187
1137,1439,0.579487921199994
1137,1448,0.641611626650994
1137,1452,0.00466458798659862
1137,1455,0.000262705722803312
1137,1457,0.493829879199872
1137,1458,0.000133748602568623
1137,1462,0.000393887409173629
1139,1153,0.150815447462558
1139,1166,0.967606114593849
1139,1173,0.120683670560701
1139,1181,0.067601428637513
1139,1190,0.998098807912579
1139,1195,0.966460943707359
1139,1196,0.127283226562889
1139,1199,0.997990773769127
1139,1211,0.0985809300345324
1139,1233,0.975604746431603
1139,1235,0.144032859728542
1139,1240,0.996008241178106
1139,1242,0.150882072155234
1139,1243,0.973674278139414
1139,1245,0.997433670903118
1139,1246,0.0967120228158179
1139,1257,0.155059442301532
1139,1266,0.997940067574015
1139,1268,0.575202877613324
1139,1274,0.553420284936827
1139,1276,0.428770172265049
1139,1277,0.122913417711835
1139,1278,0.99814908791117
1139,1291,0.960006807508018
1139,1292,0.727429365323401
1139,1297,0.997805738603136
1139,1300,0.963474425434643
1139,1305,0.997337636181924
1139,1308,0.695635350574995
1139,1309,0.997975302278918
1139,1314,0.0999916448144839
1139,1315,0.997640121902463
1139,1321,0.997311882616299
1139,1323,0.0619747323448809
1139,1329,0.64436544715951
1139,1332,0.0838987815562071
1139,1343,0.997111643173022
1139,1344,0.0863028865160085
1139,1345,0.697643591051135
1139,1348,0.998150532710653
1139,1355,0.951663688929881
1139,1371,0.979670608258868
1139,1374,0.97340584107159
1139,1376,0.99793608446352
1139,1388,0.997407049024522
1139,1407,0.997670666675558
1139,1411,0.674230373160926
1139,1413,0.998050333039255
1139,1417,0.1579227389472
1139,1423,0.972110739204235
1139,1425,0.974991927431843
1139,1433,0.154660427911206
1139,1435,0.97326725068093
1139,1436,0.99765330287392
1139,1437,0.0560798075997118
1139,1438,0.0688874040088096
1139,1439,0.998227893304225
1139,1448,0.998635370644276
1139,1452,0.657024131010091
1139,1455,0.0969946711631725
1139,1457,0.997498747249932
1139,1458,0.0518442898221711
1139,1462,0.138726162290144
1153,1166,0.995083961429125
1153,1173,0.481882132635635
1153,1181,0.329452447618278
1153,1190,0.999718990164365
1153,1195,0.994905057503999
1153,1196,0.497068114568765
1153,1199,0.999702994546421
1153,1211,0.425649459231695
1153,1233,0.99632359822808
1153,1235,0.532772482504988
1153,1240,0.999408934368503
1153,1242,0.546309182891591
1153,1243,0.996025995245875
1153,1245,0.999620462599521
1153,1246,0.420472259548234
1153,1257,0.554287882305609
1153,1266,0.999695485930693
1153,1268,0.901728531624224
1153,1274,0.89359199384819
1153,1276,0.835703076927575
1153,1277,0.48708865536319
1153,1278,0.999726433653191
1153,1291,0.993890000148651
1153,1292,0.947603073258172
1153,1297,0.999675591241105
1153,1300,0.994436793668611
1153,1305,0.999606227606598
1153,1308,0.939349958242612
1153,1309,0.999700703584157
1153,1314,0.429510456892288
1153,1315,0.999651056422024
1153,1321,0.999602409821046
1153,1323,0.309259930900316
1153,1329,0.924688983909702
1153,1332,0.382949650624105
1153,1343,0.99957271999484
1153,1344,0.390272381327092
1153,1345,0.939889090863941
1153,1348,0.999726647532948
1153,1355,0.992560595866609
1153,1371,0.996947135325355
1153,1374,0.995984533343335
1153,1376,0.999694896080818
1153,1388,0.999616516737275
1153,1407,0.999655581913338
1153,1411,0.933444793837561
1153,1413,0.999711813302525
1153,1417,0.559640411299342
1153,1423,0.995784223083649
1153,1425,0.996229233843128
1153,1433,0.553534557314904
1153,1435,0.995963119529149
1153,1436,0.999653009334109
1153,1437,0.287041349543336
1153,1438,0.333935600358594
1153,1439,0.999738098777205
1153,1448,0.999798390349695
1153,1452,0.928477185019777
1153,1455,0.421259843098371
1153,1457,0.999630107380387
1153,1458,0.270358339339549
1153,1462,0.521875550875735
1166,1173,0.00549952812004954
1166,1181,0.0029127586118308
1166,1190,0.954858655578585
1166,1195,0.537261754776709
1166,1196,0.00584211732344645
1166,1199,0.952410679023447
1166,1211,0.00438706190179727
1166,1233,0.617053997122975
1166,1235,0.00673421576533008
1166,1240,0.909530617888384
1166,1242,0.00710867089736396
1166,1243,0.598429099954718
1166,1245,0.939975598094066
1166,1246,0.00429538226496458
1166,1257,0.00733989235758459
1166,1266,0.951265853930775
1166,1268,0.0517352047922933
1166,1274,0.0475567586857436
1166,1276,0.0293555961954521
1166,1277,0.00561472607013047
1166,1278,0.956002079228291
1166,1291,0.491656954627151
1166,1292,0.097089755073328
1166,1297,0.94824572855818
1166,1300,0.515227003206959
1166,1305,0.937863368425977
1166,1308,0.0843231336389225
1166,1309,0.952061089959512
1166,1314,0.00445650574777682
1166,1315,0.944547346354509
1166,1321,0.937298477513323
1166,1323,0.00265498825197279
1166,1329,0.0680368351167689
1166,1332,0.00367645831636333
1166,1343,0.932928451357063
1166,1344,0.00379132008136907
1166,1345,0.0850597720387783
1166,1348,0.956034974363546
1166,1355,0.442362911791895
1166,1371,0.660055665354207
1166,1374,0.595922297453157
1166,1376,0.951176036440709
1166,1388,0.93938915307777
1166,1407,0.945227361755937
1166,1411,0.0769714909250856
1166,1413,0.953758760471277
1166,1417,0.00749964076980052
1166,1423,0.584098608752815
1166,1425,0.611025311917045
1166,1433,0.00731771248203351
1166,1435,0.594635735687909
1166,1436,0.944840678137353
1166,1437,0.0023880858024068
1166,1438,0.00297209025633597
1166,1439,0.957799489424443
1166,1448,0.96719757851546
1166,1452,0.0716546506042589
1166,1455,0.00430922436468533
1166,1457,0.941412099565711
1166,1458,0.00219827780596368
1166,1462,0.0064479963310796
1173,1181,0.388669023085305
1173,1190,0.999782825474236
1173,1195,0.996058133019894
1173,1196,0.56119776640682
1173,1199,0.999770462650079
1173,1211,0.489533643978946
1173,1233,0.997156550450319
1173,1235,0.596049258387645
1173,1240,0.999543170998771
1173,1242,0.609097780626671
1173,1243,0.996926166531578
1173,1245,0.999706673255117
1173,1246,0.484234528179159
1173,1257,0.616746907194558
1173,1266,0.999764659298685
1173,1268,0.922322693287579
1173,1274,0.91573193401796
1173,1276,0.86811001308595
1173,1277,0.551342237945747
1173,1278,0.999788578428181
1173,1291,0.99527170930935
1173,1292,0.9590204800404
1173,1297,0.999749282750244
1173,1300,0.995695387041355
1173,1305,0.999695670708993
1173,1308,0.952475544665626
1173,1309,0.999768691985051
1173,1314,0.493476238663851
1173,1315,0.999730319667599
1173,1321,0.999692719844586
1173,1323,0.366832598039243
1173,1329,0.940787423721557
1173,1332,0.445394936118119
1173,1343,0.999669771641427
1173,1344,0.453035057945825
1173,1345,0.952903850635306
1173,1348,0.999788743732151
1173,1355,0.994241193247485
1173,1371,0.997639149220457
1173,1374,0.996894067081211
1173,1376,0.999764203407411
1173,1388,0.99970362341659
1173,1407,0.999733817458053
1173,1411,0.947777299215088
1173,1413,0.999777278573614
1173,1417,0.621861070101338
1173,1423,0.996738980063977
1173,1425,0.997083503359694
1173,1433,0.61602601899213
1173,1435,0.996877488452338
1173,1436,0.999731829090724
1173,1437,0.342528867611895
1173,1438,0.393485128213149
1173,1439,0.99979759417757
1173,1448,0.999844191609332
1173,1452,0.943815063098044
1173,1455,0.485041584018098
1173,1457,0.999714127882675
1173,1458,0.324086851256219
1173,1462,0.585479884760703
1181,1190,0.999885262791488
1181,1195,0.997913774744196
1181,1196,0.70768848338251
1181,1199,0.999878730581788
1181,1211,0.644806564087788
1181,1233,0.998495890809636
1181,1235,0.736370707410425
1181,1240,0.999758621729681
1181,1242,0.746811916838505
1181,1243,0.99837384687529
1181,1245,0.999845024636429
1181,1246,0.639933742901038
1181,1257,0.752859669541175
1181,1266,0.999875664208548
1181,1268,0.957405071775764
1181,1274,0.953641363953248
1181,1276,0.925704844104908
1181,1277,0.699360556886959
1181,1278,0.999888302483706
1181,1291,0.997496631119008
1181,1292,0.977925262263157
1181,1297,0.999867539470855
1181,1300,0.997721401515777
1181,1305,0.999839210749889
1181,1308,0.974318800785107
1181,1309,0.999877795000059
1181,1314,0.648411223340153
1181,1315,0.999857519499919
1181,1321,0.99983765146501
1181,1323,0.523066151863559
1181,1329,0.967821297317897
1181,1332,0.603211503354407
1181,1343,0.99982552511202
1181,1344,0.610578409867274
1181,1345,0.974555507063437
1181,1348,0.999888389825234
1181,1355,0.996949543518475
1181,1371,0.99875145734845
1181,1374,0.998356840354054
1181,1376,0.999875423324128
1181,1388,0.999843413068667
1181,1407,0.999859367723389
1181,1411,0.971715844734466
1181,1413,0.999882331956181
1181,1417,0.756873531762211
1181,1423,0.998274666862671
1181,1425,0.998457197606619
1181,1433,0.752291976922534
1181,1435,0.998348056674437
1181,1436,0.99985831707596
1181,1437,0.496528671253683
1181,1438,0.551188383081352
1181,1439,0.999893066108197
1181,1448,0.999917686007639
1181,1452,0.969511445392044
1181,1455,0.640677951267431
1181,1457,0.999848963722974
1181,1458,0.475795516396286
1181,1462,0.727796138922876
1190,1195,0.0619664914860797
1190,1196,0.000334239486343881
1190,1199,0.53242248640692
1190,1211,0.000250646928106408
1190,1233,0.0839804851017668
1190,1235,0.000385604485843521
1190,1240,0.363871785382561
1190,1242,0.000407190688141583
1190,1243,0.0781615747596949
1190,1245,0.471178729683676
1190,1246,0.000245387670988565
1190,1257,0.000420527570745302
1190,1266,0.526200449882975
1190,1268,0.00309455735232498
1190,1274,0.00283288610090962
1190,1276,0.00171779803745694
1190,1277,0.000321160711858952
1190,1278,0.552827589054681
1190,1291,0.0521589497413705
1190,1292,0.00608090032677249
1190,1297,0.510396238658486
1190,1300,0.0570229081292821
1190,1305,0.462011555636962
1190,1308,0.00521222265602174
1190,1309,0.530508541151301
1190,1314,0.000254631223703275
1190,1315,0.492165762849311
1190,1321,0.459613250385777
1190,1323,0.000151439592846125
1190,1329,0.00413650157418326
1190,1332,0.000209906606281283
1190,1343,0.441778506131946
1190,1344,0.00021648814734256
1190,1345,0.00526172738430074
1190,1348,0.553020982768621
1190,1355,0.0431859640310641
1190,1371,0.0994837883163281
1190,1374,0.0774140205691792
1190,1376,0.525717820236041
1190,1388,0.468601421019554
1190,1407,0.49542986914817
1190,1411,0.00472222973747412
1190,1413,0.539920592703564
1190,1417,0.000429745300791421
1190,1423,0.0739941763805666
1190,1425,0.0820441600501547
1190,1433,0.000419247978791579
1190,1435,0.077033479866083
1190,1436,0.493569055030271
1190,1437,0.00013618120621204
1190,1438,0.00016957782048771
1190,1439,0.56357659735539
1190,1448,0.62653601837246
1190,1452,0.00437239881759673
1190,1455,0.000246181672776625
1190,1457,0.477599261759538
1190,1458,0.000125334869811879
1190,1462,0.000369115147416596
1195,1196,0.00605451794688581
1195,1199,0.954012760310293
1195,1211,0.00454680332769327
1195,1233,0.625506596604395
1195,1235,0.00697882254296082
1195,1240,0.912443537366577
1195,1242,0.00736677812360181
1195,1243,0.607030991330099
1195,1245,0.94197079671577
1195,1246,0.00445180038424206
1195,1257,0.00760633063969349
1195,1266,0.952904569674601
1195,1268,0.0535262958838686
1195,1274,0.0492106976640991
1195,1276,0.0303967332988773
1195,1277,0.00581890786674479
1195,1278,0.957488653613959
1195,1291,0.500637466477481
1195,1292,0.100284979189559
1195,1297,0.94998065800428
1195,1300,0.524194090486885
1195,1305,0.939924289856557
1195,1308,0.0871387563230395
1195,1309,0.953674367625194
1195,1314,0.00461876402828645
1195,1315,0.94639924654169
1195,1321,0.939376923915179
1195,1323,0.00275183583751129
1195,1329,0.0703504247373488
1195,1332,0.00381042431566141
1195,1343,0.935141732728606
1195,1344,0.00392945500682552
1195,1345,0.0878976306047608
1195,1348,0.957520486695184
1195,1355,0.451242284713559
1195,1371,0.668069685489271
1195,1374,0.604542401522917
1195,1376,0.952817622554018
1195,1388,0.941402629811448
1195,1407,0.947057825000903
1195,1411,0.0795629653801586
1195,1413,0.955317588106799
1195,1417,0.00777183252230064
1195,1423,0.592798591515118
1195,1425,0.619528930826996
1195,1433,0.00758335178481733
1195,1435,0.603265013579403
1195,1436,0.946683335158367
1195,1437,0.00247522159135942
1195,1438,0.00308046923327891
1195,1439,0.959227924067459
1195,1448,0.968318421956593
1195,1452,0.074081484767892
1195,1455,0.00446614428879916
1195,1457,0.943362426260858
1195,1458,0.00227850375316683
1195,1462,0.00668227670846237
1196,1199,0.999756083265358
1196,1211,0.474360738747488
1196,1233,0.996978917149348
1196,1235,0.581334689794994
1196,1240,0.999514559824914
1196,1242,0.594535191798004
1196,1243,0.996734188040183
1196,1245,0.999688299024775
1196,1246,0.469074940756117
1196,1257,0.602283210377465
1196,1266,0.999749916453514
1196,1268,0.917855227559841
1196,1274,0.910922022214856
1196,1276,0.860994518435931
1196,1277,0.536266156998896
1196,1278,0.999775333652731
1196,1291,0.994976921132813
1196,1292,0.956564222591102
1196,1297,0.999733576902665
1196,1300,0.99542689194229
1196,1305,0.999676607492995
1196,1308,0.949647589608203
1196,1309,0.999754201704155
1196,1314,0.478295632167854
1196,1315,0.999713426243521
1196,1321,0.999673471846533
1196,1323,0.352834083171713
1196,1329,0.937309740881678
1196,1332,0.430436512791584
1196,1343,0.999649086674819
1196,1344,0.438022697237019
1196,1345,0.95010004680675
1196,1348,0.999775509310055
1196,1355,0.993882551818425
1196,1371,0.997491588534735
1196,1374,0.996700090431476
1196,1376,0.999749432010231
1196,1388,0.999685058202021
1196,1407,0.999717143081981
1196,1411,0.94468600958662
1196,1413,0.999763326071861
1196,1417,0.607467538975789
1196,1423,0.99653535133606
1196,1425,0.996901320910321
1196,1433,0.601552692591194
1196,1435,0.996682479853419
1196,1436,0.999715030193586
1196,1437,0.328975922268585
1196,1438,0.379078463443819
1196,1439,0.999784914083793
1196,1448,0.999834430215962
1196,1452,0.940503954627754
1196,1455,0.469879748780251
1196,1457,0.999696220474484
1196,1458,0.310918530803234
1196,1462,0.570657634994271
1199,1211,0.000264914689197339
1199,1233,0.0883398163946936
1199,1235,0.000407551404431329
1199,1240,0.37678384704439
1199,1242,0.000430365669880071
1199,1243,0.0822459732589123
1199,1245,0.484995458828571
1199,1246,0.000259356133148362
1199,1257,0.000444461274598125
1199,1266,0.539983124007722
1199,1268,0.00327018160750683
1199,1274,0.00299370442160282
1199,1276,0.00181542987493655
1199,1277,0.000339441018563174
1199,1278,0.56647384525781
1199,1291,0.0549655785183449
1199,1292,0.00642491509425574
1199,1297,0.524222967532172
1199,1300,0.0600746740746353
1199,1305,0.475801333133126
1199,1308,0.0055073660308234
1199,1309,0.544274430835361
1199,1314,0.000269125724755877
1199,1315,0.506009039850084
1199,1321,0.473394433232139
1199,1323,0.000160061005302934
1199,1329,0.0043709996268442
1199,1332,0.000221855790432901
1199,1343,0.455475661650163
1199,1344,0.00022881190783107
1199,1345,0.00555965830978608
1199,1348,0.566665963309697
1199,1355,0.0455329584868061
1199,1371,0.104556021878748
1199,1374,0.081462807088113
1199,1376,0.539502247372525
1199,1388,0.482411517525745
1199,1407,0.509272886058349
1199,1411,0.00498976631545214
1199,1413,0.553642707093947
1199,1417,0.000454203379716149
1199,1423,0.0778792018161029
1199,1425,0.0863124497554469
1199,1433,0.000443108888846997
1199,1435,0.0810641126945504
1199,1436,0.507412364820536
1199,1437,0.000143934088155163
1199,1438,0.000179231651923048
1199,1439,0.577145732775926
1199,1448,0.639400139070848
1199,1452,0.00462020782966184
1199,1455,0.000260195320977579
1199,1457,0.491429303415522
1199,1458,0.000132470344794323
1199,1462,0.000390123931348749
1211,1233,0.997732959405331
1211,1235,0.649342630241082
1211,1240,0.999635953570869
1211,1242,0.661646880142277
1211,1243,0.997549162902223
1211,1245,0.999766256069115
1211,1246,0.540917727192627
1211,1257,0.66882681648361
1211,1266,0.999812465745226
1211,1268,0.937112301557231
1211,1274,0.931683461860728
1211,1276,0.892013096613027
1211,1277,0.606641337456499
1211,1278,0.999831526828975
1211,1291,0.996228758182417
1211,1292,0.967072349138744
1211,1297,0.999800212121288
1211,1300,0.996566975504848
1211,1305,0.999757487903735
1211,1308,0.961762122227158
1211,1309,0.999815679394082
1211,1314,0.550087447875581
1211,1315,0.999785100270561
1211,1321,0.999755136289828
1211,1323,0.420990483492027
1211,1329,0.952243418580469
1211,1332,0.501956408610081
1211,1343,0.999736848225635
1211,1344,0.509675131361809
1211,1345,0.962110063890733
1211,1348,0.999831658558577
1211,1355,0.995405865083965
1211,1371,0.998117912971341
1211,1374,0.997523553121839
1211,1376,0.999812102445015
1211,1388,0.999763825591199
1211,1407,0.999787887699921
1211,1411,0.957941404295207
1211,1413,0.999822522031286
1211,1417,0.673613796963513
1211,1423,0.997399815937598
1211,1425,0.997674685501249
1211,1433,0.668151179993987
1211,1435,0.997510326127562
1211,1436,0.999786303147661
1211,1437,0.395338995133426
1211,1438,0.448788853891977
1211,1439,0.999838711404994
1211,1448,0.999875844092854
1211,1452,0.954713490358392
1211,1455,0.541720028983793
1211,1457,0.999772196799688
1211,1458,0.375678321291434
1211,1462,0.639323897960906
1233,1235,0.00503842565939895
1233,1240,0.882477517700216
1233,1242,0.00531909157804319
1233,1243,0.526752033637528
1233,1245,0.921238104339815
1233,1246,0.00321174609479565
1233,1257,0.00549242596323801
1233,1266,0.935812107316952
1233,1268,0.0391541030664955
1233,1274,0.0359532561808702
1233,1276,0.0220900455664659
1233,1277,0.00419965058072512
1233,1278,0.941958567520993
1233,1291,0.41941171866086
1233,1292,0.0743439232673647
1233,1297,0.931902848061555
1233,1300,0.442533393456399
1233,1305,0.918523664419066
1233,1308,0.0643550410864224
1233,1309,0.93684277272359
1233,1314,0.0033323574913513
1233,1315,0.927126348618449
1233,1321,0.917798364318092
1233,1323,0.00198436484105721
1233,1329,0.051707627074195
1233,1332,0.00274853285473797
1233,1343,0.912196578361123
1233,1344,0.00283448638146717
1233,1345,0.0649296095308194
1233,1348,0.942001325323705
1233,1355,0.37205957978722
1233,1371,0.591876642006949
1233,1374,0.524153576486117
1233,1376,0.935695733729959
1233,1388,0.920484078275104
1233,1407,0.92800371375951
1233,1411,0.0586328262141568
1233,1413,0.939044868015965
1233,1417,0.00561219269231165
1233,1423,0.511949748645697
1233,1425,0.539867832017244
1233,1433,0.00547579801327128
1233,1435,0.522821482147755
1233,1436,0.927504760603974
1233,1437,0.00178475863085503
1233,1438,0.00222154847127333
1233,1439,0.944296257080024
1233,1448,0.956565155949699
1233,1452,0.0545079314702183
1233,1455,0.00322210741922236
1233,1457,0.923086338282685
1233,1458,0.00164282485271295
1233,1462,0.00482393110672087
1235,1240,0.99943997173913
1235,1242,0.559649577292689
1235,1243,0.996234004302319
1235,1245,0.999640396435346
1235,1246,0.433677101931753
1235,1257,0.567579368430924
1235,1266,0.999711480573386
1235,1268,0.906408510797319
1235,1274,0.898615892863245
1235,1276,0.84297985494407
1235,1277,0.500578501594354
1235,1278,0.999740803184034
1235,1291,0.994209162356827
1235,1292,0.95021897854414
1235,1297,0.999692630533771
1235,1300,0.99472754506695
1235,1305,0.999626908805143
1235,1308,0.942352832485542
1235,1309,0.999716424246636
1235,1314,0.442782274842615
1235,1315,0.999669383958889
1235,1321,0.999623291456765
1235,1323,0.32090615651161
1235,1329,0.928362386634175
1235,1332,0.395780869129743
1235,1343,0.999595160323603
1235,1344,0.4031886375752
1235,1345,0.942866895381246
1235,1348,0.999741005832309
1235,1355,0.992948708220754
1235,1371,0.997107069712107
1235,1374,0.996194704325149
1235,1376,0.999710921696497
1235,1388,0.999636657739983
1235,1407,0.999673671835762
1235,1411,0.93672034574954
1235,1413,0.999726950582041
1235,1417,0.572895272871075
1235,1423,0.996004836321724
1235,1425,0.996426643063038
1235,1433,0.566830952267761
1235,1435,0.99617440701273
1235,1436,0.999671234332057
1235,1437,0.298212093423243
1235,1438,0.346045539992773
1235,1439,0.999751855729946
1235,1448,0.999808980956642
1235,1452,0.931979404945904
1235,1455,0.434470876421456
1235,1457,0.999649534836412
1235,1458,0.281135847213546
1235,1462,0.535323300014418
1240,1242,0.00085635048387221
1240,1243,0.151389512081378
1240,1245,0.652134419202711
1240,1246,0.000516159588857964
1240,1257,0.000884385864414695
1240,1266,0.700303908776948
1240,1268,0.00648882743987674
1240,1274,0.00594185235751152
1240,1276,0.00360743200571397
1240,1277,0.00067548755730003
1240,1278,0.722310102066329
1240,1291,0.103767834022781
1240,1292,0.0127089869281724
1240,1297,0.686851056737077
1240,1300,0.112871351420723
1240,1305,0.643732268565811
1240,1308,0.0109038515559297
1240,1309,0.703919689313771
1240,1314,0.000535597433785921
1240,1315,0.670955114450161
1240,1321,0.641515488512686
1240,1323,0.000318577961966805
1240,1329,0.00866369770332642
1240,1332,0.000441544394794822
1240,1343,0.624783124676706
1240,1344,0.000455385541673736
1240,1345,0.0110068161999922
1240,1348,0.722466995163196
1240,1355,0.0867288741803436
1240,1371,0.188601055212997
1240,1374,0.150055594987742
1240,1376,0.699897482140076
1240,1388,0.64978351966988
1240,1407,0.673831629615918
1240,1411,0.00988411380105965
1240,1413,0.711744254397374
1240,1417,0.000903761916931904
1240,1423,0.143927354618933
1240,1425,0.158285027860067
1240,1433,0.000881696077669456
1240,1435,0.149375788228489
1240,1436,0.672193419393693
1240,1437,0.000286484274280063
1240,1438,0.000356727549339207
1240,1439,0.730967726249256
1240,1448,0.779238165292918
1240,1452,0.00915539925832685
1240,1455,0.000517829274533823
1240,1457,0.657952834013194
1240,1458,0.00026367000353516
1240,1462,0.000776307578052748
1242,1243,0.996023935946257
1242,1245,0.999620265215945
1242,1246,0.420345522952669
1242,1257,0.554159380120794
1242,1266,0.999695327552127
1242,1268,0.901682431464027
1242,1274,0.893542527378816
1242,1276,0.835631649387772
1242,1277,0.486958711484503
1242,1278,0.99972629136621
1242,1291,0.993886840785696
1242,1292,0.947577242222568
1242,1297,0.999675422518619
1242,1300,0.994433915458619
1242,1305,0.999606022822839
1242,1308,0.939320319061367
1242,1309,0.999700547918494
1242,1314,0.429383014495576
1242,1315,0.999650874943624
1242,1321,0.999602203052614
1242,1323,0.309148833564799
1242,1329,0.924652754725379
1242,1332,0.382826752780281
1242,1343,0.999572497792693
1242,1344,0.390148619325868
1242,1345,0.939859698284209
1242,1348,0.999726505357179
1242,1355,0.992556754242378
1242,1371,0.996945551889864
1242,1374,0.995982452645131
1242,1376,0.999694737395563
1242,1388,0.999616317302388
1242,1407,0.999655402787742
1242,1411,0.933412473416162
1242,1413,0.999711663413419
1242,1417,0.559512225941676
1242,1423,0.995782039030054
1242,1425,0.996227279461319
1242,1433,0.553406012931867
1242,1435,0.995961027779925
1242,1436,0.999652828871026
1242,1437,0.286934918302205
1242,1438,0.33381992260262
1242,1439,0.999737962555883
1242,1448,0.999798285481188
1242,1452,0.928442637167272
1242,1455,0.421133041620282
1242,1457,0.999629915010854
1242,1458,0.270255749123156
1242,1462,0.521745766842148
1243,1245,0.926724349543589
1243,1246,0.0034718664914763
1243,1257,0.0059361593707428
1243,1266,0.940348917682742
1243,1268,0.0422019619953517
1243,1274,0.0387620043179276
1243,1276,0.0238425540217498
1243,1277,0.00453941732175761
1243,1278,0.946085973661339
1243,1291,0.438549674053827
1243,1292,0.0799032552464397
1243,1297,0.93669727478032
1243,1300,0.461887054344139
1243,1305,0.924183426090706
1243,1308,0.069223278213048
1243,1309,0.941311304073709
1243,1314,0.00360221094455123
1243,1315,0.932232613064265
1243,1321,0.923504313075995
1243,1323,0.00214529315927845
1243,1329,0.0556760618414158
1243,1332,0.0029712492832222
1243,1343,0.918256737708261
1243,1344,0.00306414631183882
1243,1345,0.0698380665475415
1243,1348,0.946125864799215
1243,1355,0.390490071188837
1243,1371,0.61060769551286
1243,1374,0.543596053040111
1243,1376,0.940240244141924
1243,1388,0.926018628085305
1243,1407,0.933052940347681
1243,1411,0.0630973888135371
1243,1413,0.943367014107383
1243,1417,0.0060655430466161
1243,1423,0.531445116820797
1243,1425,0.559208194177631
1243,1433,0.00591819604200062
1243,1435,0.542270856159628
1243,1436,0.932586437677482
1243,1437,0.00192953055138648
1243,1438,0.00240166565493662
1243,1439,0.948266556787846
1243,1448,0.959698308028035
1243,1452,0.0586779842925601
1243,1455,0.00348306405076328
1243,1457,0.928453841146175
1243,1458,0.00177610420242356
1243,1462,0.00521393992482854
1245,1246,0.000331429546275141
1245,1257,0.000567945002026381
1245,1266,0.600022753311035
1245,1268,0.00417544973262562
1245,1274,0.00382273027679838
1245,1276,0.00231892322788376
1245,1277,0.000433759854052558
1245,1278,0.625454193244356
1245,1291,0.0691880567886055
1245,1292,0.00819631101662047
1245,1297,0.584737695194723
1245,1300,0.0755135089147984
1245,1305,0.537035756576751
1245,1308,0.00702757628537556
1245,1309,0.604164546350124
1245,1314,0.000343913111066385
1245,1315,0.566926576986218
1245,1321,0.534635023776159
1245,1323,0.000204546582127089
1245,1329,0.00557929595509044
1245,1332,0.000283511053065263
1245,1343,0.51667252806805
1245,1344,0.000292399758346979
1245,1345,0.00709419994886994
1245,1348,0.625637447225118
1245,1355,0.0574631315845976
1245,1371,0.129847089153108
1245,1374,0.101802928201539
1245,1376,0.599558095532703
1245,1388,0.543614431423952
1245,1407,0.570129861035427
1245,1411,0.00636801725564129
1245,1413,0.61317666747734
1245,1417,0.00058039216381505
1245,1423,0.0974194462730522
1245,1425,0.107721451798331
1245,1433,0.000566217098667651
1245,1435,0.10131566570471
1245,1436,0.568304486893998
1245,1437,0.000183938353437767
1245,1438,0.000229044084637881
1245,1439,0.635608138916102
1245,1448,0.693821558293992
1245,1452,0.00589698594733297
1245,1455,0.000332501861481765
1245,1457,0.55255492768335
1245,1458,0.000169288978448271
1245,1462,0.000498518759858569
1246,1257,0.673508117825876
1246,1266,0.999816400969281
1246,1268,0.93835081160814
1246,1274,0.933021245821451
1246,1276,0.89403936201131
1246,1277,0.611691317188974
1246,1278,0.999835062140699
1246,1291,0.996307616304724
1246,1292,0.967741137261191
1246,1297,0.999804404425428
1246,1300,0.996638785233727
1246,1305,0.999762576510399
1246,1308,0.962534587075132
1246,1309,0.99981954719501
1246,1314,0.555331280818645
1246,1315,0.999789609611666
1246,1321,0.999760274228336
1246,1323,0.426169371703591
1246,1329,0.953198818778754
1246,1332,0.507258723075173
1246,1343,0.999742369800965
1246,1344,0.514974674024335
1246,1345,0.962875771093305
1246,1348,0.999835191106487
1246,1355,0.995501852525965
1246,1371,0.998157341203716
1246,1374,0.997575402475762
1246,1376,0.999816045291169
1246,1388,0.999768781245567
1246,1407,0.999792338563246
1246,1411,0.958787746197868
1246,1413,0.999826246270625
1246,1417,0.678259982914596
1246,1423,0.997454249364619
1246,1425,0.997723377819125
1246,1433,0.67283736010575
1246,1435,0.997562451738273
1246,1436,0.999790787253517
1246,1437,0.40042055356526
1246,1438,0.45404154894161
1246,1439,0.99984209597637
1246,1448,0.999878449545571
1246,1452,0.955621778175222
1246,1455,0.546981071056931
1246,1457,0.999776976839933
1246,1458,0.380666263410927
1246,1462,0.644200383572876
1257,1266,0.999685347434261
1257,1268,0.898786908395192
1257,1274,0.890436407435435
1257,1276,0.831155140467963
1257,1277,0.478907830298356
1257,1278,0.999717325239392
1257,1291,0.99368779415802
1257,1292,0.945952336082352
1257,1297,0.999664790592653
1257,1300,0.994252578767718
1257,1305,0.999593118551582
1257,1308,0.937456372248019
1257,1309,0.999690738750626
1257,1314,0.42150197558997
1257,1315,0.999639439222318
1257,1321,0.999589173720577
1257,1323,0.302305469240373
1257,1329,0.922375485941865
1257,1332,0.375238296954235
1257,1343,0.999558495932462
1257,1344,0.382504978605358
1257,1345,0.938011226606663
1257,1348,0.999717546238281
1257,1355,0.992314734407434
1257,1371,0.996845781908994
1257,1374,0.995851355062089
1257,1376,0.999684737952108
1257,1388,0.999603750081358
1257,1407,0.999644115324857
1257,1411,0.931380307811781
1257,1413,0.999702218247955
1257,1417,0.551551384034871
1257,1423,0.995644430299907
1257,1425,0.996104139633176
1257,1433,0.545424473667097
1257,1435,0.995829234004427
1257,1436,0.999641457128385
1257,1437,0.280383714404628
1257,1438,0.32668868518511
1257,1439,0.999729378649524
1257,1448,0.999791677240729
1257,1452,0.926270779040696
1257,1455,0.413293751063443
1257,1457,0.999617793001636
1257,1458,0.263944398699859
1257,1462,0.513695619179281
1266,1268,0.00335260322482125
1266,1274,0.00306917916851381
1266,1276,0.00186125441515187
1266,1277,0.000348022077314618
1266,1278,0.57259658187523
1266,1291,0.0562773642392014
1266,1292,0.00658632316684166
1266,1297,0.530447799725487
1266,1300,0.0615004563547883
1266,1305,0.482033726557268
1266,1308,0.00564585422560365
1266,1309,0.550461887551586
1266,1314,0.00027592970564286
1266,1315,0.512250452184524
1266,1321,0.479624145772367
1266,1323,0.000164108087145415
1266,1329,0.00448104151366106
1266,1332,0.000227464974530665
1266,1343,0.46167629996539
1266,1344,0.000234596922306974
1266,1345,0.00569945390996384
1266,1348,0.57278803288872
1266,1355,0.0466307370331093
1266,1371,0.106917415551951
1266,1374,0.0833511900528343
1266,1376,0.545700415065793
1266,1388,0.488649782771335
1266,1407,0.515512544473827
1266,1411,0.00511530589801498
1266,1413,0.559805840708722
1266,1417,0.00046568427601286
1266,1423,0.0796917207195855
1266,1425,0.0883024446273353
1266,1433,0.000454309477222212
1266,1435,0.0829440881194532
1266,1436,0.5136530881944
1266,1437,0.000147573467195653
1266,1438,0.000183763367209524
1266,1439,0.583228638444142
1266,1448,0.645138129085956
1266,1452,0.00473649379848526
1266,1455,0.000266773585491532
1266,1457,0.497672055835058
1266,1458,0.000135819902010794
1266,1462,0.000399985739951993
1268,1274,0.524140641555185
1268,1276,0.400175794695124
1268,1277,0.110761363074279
1268,1278,0.997918041290509
1268,1291,0.955228081733555
1268,1292,0.703445003392024
1268,1297,0.997531938172533
1268,1300,0.95909238426585
1268,1305,0.997005601113164
1268,1308,0.670122025827271
1268,1309,0.997722611750529
1268,1314,0.0898735783179621
1268,1315,0.997345710756044
1268,1321,0.99697664544387
1268,1323,0.0554664838370871
1268,1329,0.616921122736094
1268,1332,0.0752729432466492
1268,1343,0.99675151532651
1268,1344,0.0774507731901167
1268,1345,0.67221928539402
1268,1348,0.997919666066288
1268,1355,0.945944190150608
1268,1371,0.977185642455314
1268,1374,0.970178411152648
1268,1376,0.997678510777597
1268,1388,0.99708364542217
1268,1407,0.997380056193892
1268,1411,0.647831136899037
1268,1413,0.997806986078224
1268,1417,0.142873247922273
1268,1423,0.968731186378617
1268,1425,0.971951436297624
1268,1433,0.139870185099175
1268,1435,0.970023519579106
1268,1436,0.997360531794379
1268,1437,0.0501575103360551
1268,1438,0.0617009743561131
1268,1439,0.99800666419919
1268,1448,0.99846493262415
1268,1452,0.629995743613747
1268,1455,0.0871505001101054
1268,1457,0.997186748371901
1268,1458,0.0463473212084787
1268,1462,0.125233974602607
1274,1276,0.421621288281624
1274,1277,0.119794638086058
1274,1278,0.998094252363164
1274,1291,0.958868525220299
1274,1292,0.721591216721907
1274,1297,0.997740753933416
1274,1300,0.962430975803085
1274,1305,0.997258826398737
1274,1308,0.689406975977815
1274,1309,0.997915328870798
1274,1314,0.0973898964706467
1274,1315,0.997570244315818
1274,1321,0.997232312606232
1274,1323,0.0602959006292298
1274,1329,0.637634432258637
1274,1332,0.0816777632494595
1274,1343,0.997026163620238
1274,1344,0.0840240625914622
1274,1345,0.691438083388716
1274,1348,0.998095739884948
1274,1355,0.950300239035027
1274,1371,0.979079798968247
1274,1374,0.972638051238289
1274,1376,0.997874951861257
1274,1388,0.997330288460766
1274,1407,0.997601691366019
1274,1411,0.667773170781328
1274,1413,0.997992577640736
1274,1417,0.154071684902344
1274,1423,0.971306661144594
1274,1425,0.974268718433871
1274,1433,0.15087467394826
1274,1435,0.972495572714355
1274,1436,0.997583814639493
1274,1437,0.0545513766170588
1274,1438,0.0670346972099852
1274,1439,0.998175388195118
1274,1448,0.998594921540449
1274,1452,0.650402716849641
1274,1455,0.094462718429387
1274,1457,0.997424694270446
1274,1458,0.0504251292833698
1274,1462,0.135268032650512
1276,1277,0.183470982129806
1276,1278,0.998844820522576
1276,1291,0.974675954908847
1276,1292,0.810573157784093
1276,1297,0.998630354442142
1276,1300,0.976902283058373
1276,1305,0.998337874520716
1276,1308,0.78561926490667
1276,1309,0.998736275835243
1276,1314,0.151202862264909
1276,1315,0.99852688554614
1276,1321,0.998321780175095
1276,1323,0.0957876446823309
1276,1329,0.743927305999279
1276,1332,0.128040520587493
1276,1343,0.998196632565184
1276,1344,0.131527896966977
1276,1345,0.787215391118625
1276,1348,0.998845722869665
1276,1355,0.969295141185853
1276,1371,0.987223239868941
1276,1374,0.983246111738527
1276,1376,0.998711778833146
1276,1388,0.998381251591203
1276,1407,0.998545969338566
1276,1411,0.768435999064587
1276,1413,0.998783141005883
1276,1417,0.231182486417322
1276,1423,0.982421564711065
1276,1425,0.98425481334525
1276,1433,0.226814430713241
1276,1435,0.983157914772948
1276,1436,0.9985351208199
1276,1437,0.0869747083756986
1276,1438,0.106045439471679
1276,1439,0.99889403686458
1276,1448,0.999148472145131
1276,1452,0.754392906436405
1276,1455,0.146921540312304
1276,1457,0.998438551636139
1276,1458,0.0806050605768856
1276,1462,0.205251285560074
1277,1278,0.999784125761621
1277,1291,0.995172587958195
1277,1292,0.958193329325079
1277,1297,0.999744002704774
1277,1300,0.995605108223251
1277,1305,0.999689261957652
1277,1308,0.951522965534683
1277,1309,0.999763820596872
1277,1314,0.488266435276088
1277,1315,0.999724640374127
1277,1321,0.99968624897165
1277,1323,0.362004268771175
1277,1329,0.939615420696229
1277,1332,0.440251547239838
1277,1343,0.999662817675721
1277,1344,0.447874690205897
1277,1345,0.95195942345523
1277,1348,0.999784294546242
1277,1355,0.994120596327343
1277,1371,0.997589537411421
1277,1374,0.996828847604597
1277,1376,0.999759237511749
1277,1388,0.999697382087508
1277,1407,0.999728211805761
1277,1411,0.946735814801444
1277,1413,0.999772587979393
1277,1417,0.616946746968816
1277,1423,0.996670514891879
1277,1425,0.997022249851027
1277,1433,0.611083289484862
1277,1435,0.996811921965123
1277,1436,0.999726181576021
1277,1437,0.337849739700209
1277,1438,0.388521252779061
1277,1439,0.999793331348911
1277,1448,0.999840910003731
1277,1452,0.942699336622393
1277,1455,0.479836472295711
1277,1457,0.999708107700237
1277,1458,0.319537211856269
1277,1462,0.580411769762564
1278,1291,0.0508472368135663
1278,1292,0.00592073712445301
1278,1297,0.503684435603029
1278,1300,0.0555960493166815
1278,1305,0.455344274692198
1278,1308,0.00507482250017246
1278,1309,0.523815218878653
1278,1314,0.000247886287711751
1278,1315,0.485455990746165
1278,1321,0.452951440046303
1278,1323,0.000147427700728673
1278,1329,0.00402734385474137
1278,1332,0.00020434614019748
1278,1343,0.435167029516114
1278,1344,0.000210753371731025
1278,1345,0.0051230289477327
1278,1348,0.546374173347788
1278,1355,0.0420898866349099
1278,1371,0.0971038595643811
1278,1374,0.0755177861376868
1278,1376,0.519018121768283
1278,1388,0.461920693858693
1278,1407,0.488718421980619
1278,1411,0.00459768665742977
1278,1413,0.53324339541664
1278,1417,0.000418363702591425
1278,1423,0.0721751567671366
1278,1425,0.0800443515597535
1278,1433,0.000408144283610939
1278,1435,0.0751458074443388
1278,1436,0.486858492721927
1278,1437,0.000132573481084191
1278,1438,0.000165085495239988
1278,1439,0.556961004819906
1278,1448,0.620231693201426
1278,1452,0.0042570426402401
1278,1455,0.000239660503600478
1278,1457,0.470903931164404
1278,1458,0.000122014451767843
1278,1462,0.000359338732492509
1291,1292,0.118015032707535
1291,1297,0.957982004348055
1291,1300,0.569436177574011
1291,1305,0.949448701613653
1291,1308,0.102810187706723
1291,1309,0.961109038753715
1291,1314,0.00553948131106654
1291,1315,0.954946323212527
1291,1321,0.948983404988097
1291,1323,0.00330162888744916
1291,1329,0.0832780081502284
1291,1332,0.00457074484149261
1291,1343,0.945380310639092
1291,1344,0.00471341417960321
1291,1345,0.103690038983664
1291,1348,0.9643609718159
1291,1355,0.496761678478089
1291,1371,0.707270988800277
1291,1374,0.647285241411432
1291,1376,0.960384078650872
1291,1388,0.950704957377945
1291,1407,0.955504823309929
1291,1411,0.0940122472429035
1291,1413,0.962498913407063
1291,1417,0.00931520909530222
1291,1423,0.636046582659869
1291,1425,0.661558778890123
1291,1433,0.00908964162238209
1291,1435,0.646065087394226
1291,1436,0.95518725658753
1291,1437,0.00296991408793101
1291,1438,0.00369567707856609
1291,1439,0.965803279663645
1291,1448,0.97346829307441
1291,1452,0.0876300598063625
1291,1455,0.00535660165126718
1291,1457,0.952369377415386
1291,1458,0.00273398839820331
1291,1462,0.00801102975611868
1292,1297,0.995147239613263
1292,1300,0.922453782175173
1292,1305,0.994115343583926
1292,1308,0.507556678256956
1292,1309,0.995521319259734
1292,1314,0.0477118662305968
1292,1315,0.994782016181978
1292,1321,0.994058605838965
1292,1323,0.0289327872589592
1292,1329,0.449669104539327
1292,1332,0.0396622242551614
1292,1343,0.99361757877244
1292,1344,0.0408552689913738
1292,1345,0.509931637204009
1292,1348,0.995908062425091
1292,1355,0.898772414512217
1292,1371,0.956008845826834
1292,1374,0.942877559840632
1292,1376,0.995434785933907
1292,1388,0.994268284853804
1292,1407,0.994849363481281
1292,1411,0.482759659220718
1292,1413,0.995686896105964
1292,1417,0.0779784601299412
1292,1423,0.940187121902345
1292,1425,0.946183703844277
1292,1433,0.0762181321730832
1292,1435,0.942589260275309
1292,1436,0.994811077917499
1292,1437,0.0260933260207476
1292,1438,0.032286809993419
1292,1439,0.996078853887704
1292,1448,0.996978984809819
1292,1452,0.46348774881373
1292,1455,0.046201396642809
1292,1457,0.994470368287419
1292,1458,0.0240648460139397
1292,1462,0.0677181676600117
1297,1300,0.0652574552265322
1297,1305,0.497852734493009
1297,1308,0.00601261362263737
1297,1309,0.566072333577864
1297,1314,0.000293957454153502
1297,1315,0.528050154868605
1297,1321,0.495439714672442
1297,1323,0.0001748312959968
1297,1329,0.00477249687782154
1297,1332,0.000242327068223258
1297,1343,0.477443040934653
1297,1344,0.000249924886313432
1297,1345,0.00606967393330215
1297,1348,0.588203178866614
1297,1355,0.0495272978027114
1297,1371,0.113114490203491
1297,1374,0.0883174126439214
1297,1376,0.561344444844511
1297,1388,0.504474446197797
1297,1407,0.531303262715351
1297,1411,0.00544778925678116
1297,1413,0.575342130665172
1297,1417,0.000496103405519688
1297,1423,0.0844599951896484
1297,1425,0.0935335704744815
1297,1433,0.000483985949197692
1297,1435,0.0878883804612228
1297,1436,0.529449092205091
1297,1437,0.000157216434930488
1297,1438,0.000195770646870148
1297,1439,0.598531105711906
1297,1448,0.659494591590655
1297,1452,0.00504448006769523
1297,1455,0.00028420329289496
1297,1457,0.513495493467449
1297,1458,0.000144694961733698
1297,1462,0.000426115181369515
1300,1305,0.944725918350692
1300,1308,0.0944317642300181
1300,1309,0.957426781557792
1300,1314,0.0050434853085306
1300,1315,0.950710494425957
1300,1321,0.944219705034207
1300,1323,0.00300540093534372
1300,1329,0.0763558745623466
1300,1332,0.00416112495900195
1300,1343,0.940301334776274
1300,1344,0.00429106370779995
1300,1345,0.0952475249264148
1300,1348,0.960974110520199
1300,1355,0.473211775678777
1300,1371,0.687372602665978
1300,1374,0.6254685455765
1300,1376,0.95663627804021
1300,1388,0.946092876765078
1300,1407,0.951318826455929
1300,1411,0.0862818527102759
1300,1413,0.958942630127967
1300,1417,0.0084840248581954
1300,1423,0.613949333912721
1300,1425,0.640134111217122
1300,1433,0.00827841629624461
1300,1435,0.624216735467979
1300,1436,0.950972916773211
1300,1437,0.0027033674469618
1300,1438,0.0033642137642895
1300,1439,0.962548161219671
1300,1448,0.970920824250874
1300,1452,0.0803778980319694
1300,1455,0.00487690008843969
1300,1457,0.947904487986694
1300,1458,0.00248856298778792
1300,1462,0.00729535883408412
1305,1308,0.00728933550051893
1305,1309,0.612938768663488
1305,1314,0.000356812450389554
1305,1315,0.575946873423543
1305,1321,0.543786667460196
1305,1323,0.000212219733663559
1305,1329,0.00578742484840269
1305,1332,0.000294145525607942
1305,1343,0.52586414450726
1305,1344,0.000303367544200634
1305,1345,0.00735842233521182
1305,1348,0.634223861334404
1305,1355,0.0594909356965899
1305,1371,0.134065907059999
1305,1374,0.10522075378349
1305,1376,0.608368237411762
1305,1388,0.552737216912991
1305,1407,0.579132968186029
1305,1411,0.00660537300831508
1305,1413,0.621876149916201
1305,1417,0.000602155910989023
1305,1423,0.100706605820427
1305,1425,0.111313354596635
1305,1433,0.000587449616754942
1305,1435,0.104719039688237
1305,1436,0.577317481173488
1305,1437,0.000190838576497519
1305,1438,0.000237635992033166
1305,1439,0.644095957611025
1305,1448,0.701590017002329
1305,1452,0.0061168929836217
1305,1455,0.000344973340455772
1305,1457,0.561643109720137
1305,1458,0.000175639744607935
1305,1462,0.000517213978491548
1308,1309,0.996161998140194
1308,1314,0.055270072494546
1308,1315,0.995527977882667
1308,1321,0.994907456680714
1308,1323,0.0336211623171435
1308,1329,0.488255226077653
1308,1332,0.0460068641520903
1308,1343,0.994529092656289
1308,1344,0.0473813403847927
1308,1345,0.548534637106951
1308,1348,0.996493612244664
1308,1355,0.912030120768647
1308,1371,0.962086553874141
1308,1374,0.950675852812769
1308,1376,0.99608779483046
1308,1388,0.995087326767004
1308,1407,0.99558573995162
1308,1411,0.521494565439998
1308,1413,0.996303977022936
1308,1417,0.089878777897733
1308,1423,0.948332583600012
1308,1425,0.953552879681037
1308,1433,0.0878754094899361
1308,1435,0.950424842182917
1308,1436,0.99555290353261
1308,1437,0.0303359583168352
1308,1438,0.0374976960626499
1308,1439,0.996640046172716
1308,1448,0.997411685605471
1308,1452,0.502177624487119
1308,1455,0.0535337753386328
1308,1457,0.995260670836097
1308,1458,0.027987136564065
1308,1462,0.0781854376198493
1309,1314,0.000271201694066298
1309,1315,0.507930221730923
1309,1321,0.475310932579809
1309,1323,0.000161295812063713
1309,1329,0.00440457703537505
1309,1332,0.000223567212696458
1309,1343,0.457382625170749
1309,1344,0.000230576978045692
1309,1345,0.0056023154483307
1309,1348,0.568552384709258
1309,1355,0.0458681691057217
1309,1371,0.105277828338445
1309,1374,0.082039795032833
1309,1376,0.541411222170446
1309,1388,0.48433094740171
1309,1407,0.511193636403311
1309,1411,0.00502807299848693
1309,1413,0.555541355090112
1309,1417,0.000457706338686757
1309,1423,0.0784329750138775
1309,1425,0.0869205364937076
1309,1433,0.000446526321847156
1309,1435,0.0816385277350119
1309,1436,0.509333381222196
1309,1437,0.00014504450023616
1309,1438,0.000180614325853695
1309,1439,0.57902042521587
1309,1448,0.641170429273605
1309,1452,0.00465569066889186
1309,1455,0.000262202421428114
1309,1457,0.493350413518315
1309,1458,0.000133492329041775
1309,1462,0.000393132883883508
1314,1315,0.999781684090063
1314,1321,0.999751243901667
1314,1323,0.417150071752776
1314,1329,0.95152089616478
1314,1332,0.498012675497121
1314,1343,0.999732665205555
1314,1344,0.505732334462455
1314,1345,0.961530786162762
1314,1348,0.999828982371142
1314,1355,0.995333158794421
1314,1371,0.998088044821644
1314,1374,0.997484276435622
1314,1376,0.999809115426015
1314,1388,0.999760071296252
1314,1407,0.999784515820593
1314,1411,0.957301222756887
1314,1413,0.999819700623221
1314,1417,0.670136077424166
1314,1423,0.99735858196432
1314,1425,0.99763780011295
1314,1433,0.664644232350005
1314,1435,0.997470840191829
1314,1436,0.999782906084697
1314,1437,0.391574333543188
1314,1438,0.444889702403475
1314,1439,0.999836147320946
1314,1448,0.999873870250923
1314,1452,0.954026534126582
1314,1455,0.53780123496714
1314,1457,0.999768575545027
1314,1458,0.371985702904076
1314,1462,0.635678418974646
1315,1321,0.513668797180374
1315,1323,0.000188055798914968
1315,1329,0.00513171075028041
1315,1332,0.000260655722147204
1315,1343,0.495660443641274
1315,1344,0.000268828054400824
1315,1345,0.00652588285821488
1315,1348,0.605747775151511
1315,1355,0.0530754469757339
1315,1371,0.120639843360076
1315,1374,0.0943685871111138
1315,1376,0.579214743191327
1315,1388,0.522691583185328
1315,1407,0.549415038567259
1315,1411,0.00585753154147795
1315,1413,0.593055579797819
1315,1417,0.000533616445408923
1315,1423,0.0902730440703431
1315,1425,0.0999029730534608
1315,1433,0.000520583200438455
1315,1435,0.0939131873404394
1315,1436,0.547571504940042
1315,1437,0.000169108748552397
1315,1438,0.00021057870027954
1315,1439,0.615922999942024
1315,1448,0.675676563060475
1315,1452,0.00542405386187868
1315,1455,0.000305698329114901
1315,1457,0.531688856581763
1315,1458,0.000155640261728145
1315,1462,0.000458338462987638
1321,1323,0.000214277668722527
1321,1329,0.00584323063177853
1321,1332,0.000296997674629654
1321,1343,0.528270201118221
1321,1344,0.000306309086090606
1321,1345,0.00742926341100011
1321,1348,0.636460179216309
1321,1355,0.060033313904529
1321,1371,0.135190454537494
1321,1374,0.106133002543941
1321,1376,0.610665593349828
1321,1388,0.555122271604658
1321,1407,0.581483842916602
1321,1411,0.00666901302740389
1321,1413,0.624143221630345
1321,1417,0.000607992831728156
1321,1423,0.10158416078846
1321,1425,0.112271797527829
1321,1433,0.000593144068531481
1321,1435,0.105627452146395
1321,1436,0.579671136649045
1321,1437,0.000192689214375166
1321,1438,0.000239940334226467
1321,1439,0.646305578434337
1321,1448,0.703606944998269
1321,1452,0.00617585595973497
1321,1455,0.000348318163952386
1321,1457,0.564018132790583
1321,1458,0.000177343019487318
1321,1462,0.000522227955800084
1323,1329,0.970592629487692
1323,1332,0.62522444517654
1323,1343,0.999841004255816
1323,1344,0.632431694138308
1323,1345,0.976760793887807
1323,1348,0.999898292275681
1323,1355,0.997219465742718
1323,1371,0.998862117685465
1323,1374,0.998502423783967
1323,1376,0.999886476077913
1323,1388,0.999857305446947
1323,1407,0.999871844787588
1323,1411,0.974160721031548
1323,1413,0.999892771824611
1323,1417,0.773561762608657
1323,1423,0.99842751937082
1323,1425,0.99859390193846
1323,1433,0.769198789107297
1323,1435,0.998494417161993
1323,1436,0.999870887342821
1323,1437,0.51974805446169
1323,1438,0.574049447961428
1323,1439,0.999902553702674
1323,1448,0.9999249893919
1323,1452,0.972141406586557
1323,1455,0.661777789091894
1323,1457,0.9998623637155
1323,1458,0.499006301135003
1323,1462,0.745809946324949
1329,1332,0.0573442208940275
1329,1343,0.995657969175171
1329,1344,0.0590364453885111
1329,1345,0.605154326807481
1329,1348,0.997218260196918
1329,1355,0.928966118079475
1329,1371,0.969705767418759
1329,1374,0.960494036745106
1329,1376,0.996896049837434
1329,1388,0.996101467820868
1329,1407,0.996497353917709
1329,1411,0.578902101402629
1329,1413,0.997067700631904
1329,1417,0.110772042883012
1329,1423,0.958596891417351
1329,1425,0.96282077568936
1329,1433,0.10835841687221
1329,1435,0.96029090386806
1329,1436,0.99647127469926
1329,1437,0.0379652553124614
1329,1438,0.0468411173121572
1329,1439,0.997334512292491
1329,1448,0.997946990736759
1329,1452,0.559947084263453
1329,1455,0.0665964872355001
1329,1457,0.996239163083899
1329,1458,0.0350470705677897
1329,1462,0.0966491228375388
1332,1343,0.999779620645615
1332,1344,0.553822824006771
1332,1345,0.968073346281353
1332,1348,0.999859022777195
1332,1355,0.996149880050489
1332,1371,0.998423410496939
1332,1374,0.997925325708205
1332,1376,0.999842645046457
1332,1388,0.999802214005296
1332,1407,0.999822365690032
1332,1411,0.964536585205414
1332,1413,0.999851371188863
1332,1417,0.711360110257791
1332,1423,0.997821619498042
1332,1425,0.998051986628599
1332,1433,0.706253751363945
1332,1435,0.997914240141629
1332,1436,0.999821038654182
1332,1437,0.438438676496902
1332,1438,0.492964943130785
1332,1439,0.999864929325011
1332,1448,0.999896026616497
1332,1452,0.96179465100285
1332,1455,0.585329902614713
1332,1457,0.999809224795024
1332,1458,0.418116741913611
1332,1462,0.679146932531729
1343,1344,0.00032918479202572
1343,1345,0.00797984776239599
1343,1348,0.652961057481358
1343,1355,0.064230120846928
1343,1371,0.143837344279242
1343,1374,0.113164553147282
1343,1376,0.627652320656423
1343,1388,0.572837211250535
1343,1407,0.598907518851325
1343,1411,0.00716366169341648
1343,1413,0.640887719458754
1343,1417,0.000653384089532835
1343,1423,0.108350871326063
1343,1425,0.119655613893584
1343,1433,0.000637427461056935
1343,1435,0.112629729215281
1343,1436,0.597117992040717
1343,1437,0.000207081344423993
1343,1438,0.000257860782523496
1343,1439,0.662596480223047
1343,1448,0.71840849765901
1343,1452,0.00663417087092265
1343,1455,0.000374330007595405
1343,1457,0.581645798798842
1343,1458,0.000190589146990959
1343,1462,0.000561219813403642
1344,1345,0.967105018133266
1344,1348,0.999854602176184
1344,1355,0.996029614282463
1344,1371,0.998374046827967
1344,1374,0.997860400218894
1344,1376,0.999837710974829
1344,1388,0.999796012423818
1344,1407,0.999816795849013
1344,1411,0.963465036222349
1344,1413,0.999846710694962
1344,1417,0.704978536944782
1344,1423,0.997753455901121
1344,1425,0.997991016925024
1344,1433,0.699806923391613
1344,1435,0.997848968484997
1344,1436,0.999815427210759
1344,1437,0.430850811042127
1344,1438,0.485248840211194
1344,1439,0.999860693908904
1344,1448,0.999892766214719
1344,1452,0.960643633314249
1344,1455,0.577815620180719
1344,1457,0.999803242993656
1344,1458,0.410623408050725
1344,1462,0.672381162205252
1345,1348,0.99646025157082
1345,1355,0.911264711984044
1345,1371,0.961738404904751
1345,1374,0.950228343106896
1345,1376,0.996050588408025
1345,1388,0.995040652920236
1345,1407,0.995543780174627
1345,1411,0.519122799263941
1345,1413,0.996268818866505
1345,1417,0.0891044701107376
1345,1423,0.94786497970827
1345,1425,0.953130185848709
1345,1433,0.0871167087329244
1345,1435,0.949975174935965
1345,1436,0.995510633036291
1345,1437,0.0300576722078515
1345,1438,0.0371562294023511
1345,1439,0.996608073966586
1345,1448,0.997387036813437
1345,1452,0.499801948263177
1345,1455,0.053054328087618
1345,1457,0.995215635961533
1345,1458,0.027729781127111
1345,1462,0.0775032896437834
1348,1355,0.042058355285823
1348,1371,0.0970352897439068
1348,1374,0.0754631853130474
1348,1376,0.51882281680055
1348,1388,0.461726249045158
1348,1407,0.488522938251885
1348,1411,0.00459410762758483
1348,1413,0.533048669908959
1348,1417,0.000418036664641421
1348,1423,0.0721227841846562
1348,1425,0.0799867611046592
1348,1433,0.000407825230995786
1348,1435,0.0750914537221138
1348,1436,0.486663044815237
1348,1437,0.000132469817822814
1348,1438,0.000164956414034032
1348,1439,0.5567679495375
1348,1448,0.620047400083363
1348,1452,0.0042537276486391
1348,1455,0.000239473125774369
1348,1457,0.470709012890136
1348,1458,0.000121919043927826
1348,1462,0.0003590578182171
1355,1371,0.74656381838767
1355,1374,0.69111343468498
1355,1376,0.96727377009479
1355,1388,0.959206464915834
1355,1407,0.963210570851926
1355,1411,0.11230615506026
1355,1413,0.969032668787478
1355,1417,0.0113340450503776
1355,1423,0.680582146420579
1355,1425,0.704423256954167
1355,1433,0.0110601373034706
1355,1435,0.689972277654559
1355,1436,0.962945868101274
1355,1437,0.0036185908584357
1355,1438,0.00450215630230133
1355,1439,0.971778201250518
1355,1448,0.978134288139607
1355,1452,0.10482574692371
1355,1455,0.00652315859323664
1355,1457,0.960595733649923
1355,1458,0.00333130739549554
1355,1462,0.00974999955611298
1371,1374,0.477567523013329
1371,1376,0.923521514147032
1371,1388,0.905720132368405
1371,1407,0.914506282794282
1371,1411,0.049148185845282
1371,1413,0.927455554570616
1371,1417,0.0046618714977516
1371,1423,0.465387535496361
1371,1425,0.493333103873283
1371,1433,0.0045484670949395
1371,1435,0.476235331911179
1371,1436,0.913922465327062
1371,1437,0.00148157707780139
1371,1438,0.00184430539075172
1371,1439,0.933634820085475
1371,1448,0.948122924770592
1371,1452,0.04565818447379
1371,1455,0.00267541413285802
1371,1457,0.908757667563853
1371,1458,0.00136372101772387
1371,1462,0.00400654965254635
1374,1376,0.940823097515776
1374,1388,0.92672937967768
1374,1407,0.933700950541099
1374,1411,0.0637162412808558
1374,1413,0.943921190121539
1374,1417,0.006128692281365
1374,1423,0.534039153402838
1374,1425,0.561775269777454
1374,1433,0.00597982045537366
1374,1435,0.544856287812376
1374,1436,0.933238640266648
1374,1437,0.0019497036372559
1374,1438,0.00242676287314535
1374,1439,0.948775392197422
1374,1448,0.960099435145622
1374,1452,0.0592562331533184
1374,1455,0.00351942193053353
1374,1457,0.929142987408708
1374,1458,0.0017946761125562
1374,1462,0.00526826999225734
1376,1388,0.489133478004262
1376,1407,0.515995998124497
1376,1411,0.00512516657445622
1376,1413,0.56028279585259
1376,1417,0.00046658617011031
1376,1423,0.079833805032697
1376,1425,0.0884584055771398
1376,1433,0.000455189351697107
1376,1435,0.0830914476109335
1376,1436,0.514136648561655
1376,1437,0.000147859364931119
1376,1438,0.000184119363624412
1376,1439,0.58369908777734
1376,1448,0.645581162172352
1376,1452,0.00474562772936587
1376,1455,0.000267290350836138
1376,1457,0.49815598150692
1376,1458,0.000136083032372259
1376,1462,0.00040076044623666
1388,1407,0.57266380719002
1388,1411,0.00643382165787625
1388,1413,0.615627938611346
1388,1417,0.00058642498845696
1388,1423,0.0983330244936995
1388,1425,0.108720002853994
1388,1433,0.000572102666445172
1388,1435,0.102261642104015
1388,1436,0.570841093576695
1388,1437,0.000185851047414806
1388,1438,0.000231425704693765
1388,1439,0.638001182010476
1388,1448,0.6960151392275
1388,1452,0.00595795209668337
1388,1455,0.000335958882888414
1388,1457,0.555111631531102
1388,1458,0.000171049366083862
1388,1462,0.000503700989018257
1407,1411,0.00578197772661692
1407,1413,0.589900248004909
1407,1417,0.000526697171326093
1407,1423,0.0892063541041206
1407,1425,0.0987348431962018
1407,1433,0.000513832838375531
1407,1435,0.0928078725445156
1407,1436,0.544334471804925
1407,1437,0.000166915167381127
1407,1438,0.000207847306632748
1407,1439,0.61282922210926
1407,1448,0.672808418037585
1407,1452,0.00535406117949592
1407,1455,0.000301733521357849
1407,1457,0.528436049657325
1407,1458,0.000153621359158458
1407,1462,0.000452394858288674
1411,1413,0.996651914097334
1411,1417,0.0983318801895761
1411,1423,0.952983350774889
1411,1425,0.957754682003832
1411,1433,0.09616000233246
1411,1435,0.954896235014377
1411,1436,0.995971259430947
1411,1437,0.0333945338975986
1411,1438,0.0412476271574007
1411,1439,0.996956442937074
1411,1448,0.997655590327203
1411,1452,0.526955908767869
1411,1455,0.0587894311809949
1411,1457,0.995706399651681
1411,1458,0.0308164220061733
1411,1462,0.0856422679991041
1413,1417,0.000440719123339216
1413,1423,0.0757413228614244
1413,1425,0.0839641474814424
1413,1433,0.000429953860774368
1413,1435,0.0788462797640936
1413,1436,0.499875208666164
1413,1437,0.00013965972825438
1413,1438,0.000173909255029426
1413,1439,0.56977087965341
1413,1448,0.632419531283554
1413,1452,0.00448359923777186
1413,1455,0.000252469264003305
1413,1457,0.483896336234689
1413,1458,0.00012853637587633
1413,1462,0.00037854132633858
1417,1423,0.995549342687058
1417,1425,0.99601904793058
1417,1433,0.540041167203124
1417,1435,0.995738163621329
1417,1436,0.999633597570378
1417,1437,0.276027892252548
1417,1438,0.321935324908133
1417,1439,0.999723445871203
1417,1448,0.999787109931261
1417,1452,0.924775603458482
1417,1455,0.408043938099297
1417,1457,0.999609414908969
1417,1458,0.259751780246425
1417,1462,0.508275318362881
1423,1425,0.573770485565278
1423,1433,0.00627750425112139
1423,1435,0.55694937677556
1423,1436,0.936220424837236
1423,1437,0.00204717578649586
1423,1438,0.00254802390681305
1423,1439,0.951099614293454
1423,1448,0.961930466165659
1423,1452,0.062040558804912
1423,1455,0.00369507896244663
1423,1457,0.932294426400176
1423,1458,0.00188441255519773
1423,1462,0.00553072890221795
1425,1433,0.00561608822613584
1425,1435,0.529163816306702
1425,1436,0.929196740748759
1425,1437,0.00183065830290385
1425,1438,0.00227865567847646
1425,1439,0.945619314852344
1425,1448,0.957609888159814
1425,1452,0.0558339022950978
1425,1455,0.00330484984042947
1425,1457,0.924873088018327
1425,1458,0.00168508049339984
1425,1462,0.00494760354175992
1433,1435,0.995841877447306
1433,1436,0.999642548179171
1433,1437,0.280999267205822
1433,1438,0.327359650704789
1433,1439,0.999730202226148
1433,1448,0.999792311264664
1433,1452,0.926478717218436
1433,1455,0.414033211656329
1433,1457,0.99961895603523
1433,1458,0.264537128002068
1433,1462,0.514457201008927
1435,1436,0.933570586602207
1435,1437,0.00196012276217616
1435,1438,0.0024397251483361
1435,1439,0.94903430653412
1435,1448,0.960303506996688
1435,1452,0.0595546218489084
1435,1455,0.00353819981831954
1435,1457,0.929493759362205
1435,1458,0.00180426827532924
1435,1462,0.00529632927036511
1436,1437,0.000168162138214633
1436,1438,0.00020940000458975
1436,1439,0.614594005721457
1436,1448,0.674445043335176
1436,1452,0.00539385063542151
1436,1455,0.000303987371581847
1436,1457,0.530290670579662
1436,1458,0.000154769031495927
1436,1462,0.000455773586098648
1437,1438,0.599794265826276
1437,1439,0.999912372439344
1437,1448,0.999932547650029
1437,1452,0.974878173816969
1437,1455,0.685128632452423
1437,1457,0.999876231513716
1437,1458,0.525537977931547
1437,1462,0.765415732701362
1438,1439,0.999890881655946
1438,1448,0.999916004449989
1438,1452,0.968907922263295
1438,1455,0.636008974783169
1438,1457,0.999845878483297
1438,1458,0.470753906490341
1438,1462,0.723771099909018
1439,1448,0.609912239060852
1439,1452,0.0040762109453084
1439,1455,0.000229440824532881
1439,1457,0.460059197003586
1439,1458,0.000116810886741866
1439,1462,0.000344017452564801
1448,1452,0.00314059586591747
1448,1455,0.000176620552411372
1448,1457,0.396086426451897
1448,1458,8.99171641886103e-05
1448,1462,0.000264827132347425
1452,1455,0.0632166657589745
1452,1457,0.996024603799558
1452,1458,0.0332114347996743
1452,1462,0.0918942640991858
1455,1457,0.99977625518688
1455,1458,0.379904754242625
1455,1462,0.643459410710194
1457,1458,0.000164986135608233
1457,1462,0.00048585190162519
1458,1462,0.779990735799921
